population,outcome,tau_suvr,spline_mean,spline_ci95_lower,spline_ci95_upper,linear_mean,linear_ci95_lower,linear_ci95_upper,interpretation
all_eligible,hippocampus_icv,1.1112,0.005216085624008817,0.005064792486269373,0.005367378761748262,0.0050886504112236264,0.004984321685694724,0.005192979136752529,adjusted mean at covariate means; pointwise CI; 5th-95th tau percentiles
all_eligible,hippocampus_icv,1.123359,0.005198095540465087,0.005059966141810489,0.005336224939119686,0.005079121208134056,0.00497654491266196,0.0051816975036061514,adjusted mean at covariate means; pointwise CI; 5th-95th tau percentiles
all_eligible,hippocampus_icv,1.135518,0.0051801129259359795,0.005053445322054796,0.005306780529817163,0.005069592005044485,0.004968734859768343,0.005170449150320627,adjusted mean at covariate means; pointwise CI; 5th-95th tau percentiles
all_eligible,hippocampus_icv,1.1476769999999998,0.005162138753179864,0.005044985965453578,0.00527929154090615,0.0050600628019549145,0.0049608897962935584,0.005159235807616271,adjusted mean at covariate means; pointwise CI; 5th-95th tau percentiles
all_eligible,hippocampus_icv,1.1598359999999999,0.005144173994955113,0.005034391117393504,0.005253956872516723,0.005050533598865344,0.004953007908461519,0.0051480592892691685,adjusted mean at covariate means; pointwise CI; 5th-95th tau percentiles
all_eligible,hippocampus_icv,1.171995,0.005126219624020097,0.005021564742574262,0.005230874505465933,0.0050410043957757715,0.0049450872989485715,0.0051369214926029715,adjusted mean at covariate means; pointwise CI; 5th-95th tau percentiles
all_eligible,hippocampus_icv,1.184154,0.005108276613133187,0.005006562053112508,0.005209991173153865,0.005031475192686201,0.00493712598719429,0.005125824398178111,adjusted mean at covariate means; pointwise CI; 5th-95th tau percentiles
all_eligible,hippocampus_icv,1.196313,0.005090345935052754,0.004989609100916692,0.005191082769188815,0.00502194598959663,0.004929121910671324,0.005114770068521937,adjusted mean at covariate means; pointwise CI; 5th-95th tau percentiles
all_eligible,hippocampus_icv,1.2084719999999998,0.00507242856253717,0.00497107537275843,0.00517378175231591,0.00501241678650706,0.004921072927283305,0.005103760645730814,adjusted mean at covariate means; pointwise CI; 5th-95th tau percentiles
all_eligible,hippocampus_icv,1.2206309999999998,0.005054525468344808,0.0049514110751132795,0.005157639861576337,0.005002887583417489,0.00491297681906957,0.0050927983477654076,adjusted mean at covariate means; pointwise CI; 5th-95th tau percentiles
all_eligible,hippocampus_icv,1.2327899999999998,0.005036637625234035,0.004931079253933856,0.005142195996534213,0.004993358380327918,0.004904831297401022,0.005081885463254814,adjusted mean at covariate means; pointwise CI; 5th-95th tau percentiles
all_eligible,hippocampus_icv,1.2449489999999999,0.005018766005963226,0.0049105066801482045,0.005127025331778247,0.004983829177238348,0.0048966340098513614,0.005071024344625334,adjusted mean at covariate means; pointwise CI; 5th-95th tau percentiles
all_eligible,hippocampus_icv,1.2571079999999997,0.005000911583290751,0.004890059388832328,0.005111763777749174,0.004974299974148777,0.0048883825489201066,0.0050602173993774474,adjusted mean at covariate means; pointwise CI; 5th-95th tau percentiles
all_eligible,hippocampus_icv,1.2692669999999997,0.004983076101132872,0.004870030933487594,0.005096121268778151,0.004964770771059206,0.00488007446276667,0.005049467079351742,adjusted mean at covariate means; pointwise CI; 5th-95th tau percentiles
all_eligible,hippocampus_icv,1.2814259999999997,0.004965269850642618,0.004850587209197911,0.005079952492087326,0.004955241567969636,0.004871707268086145,0.005038775867853127,adjusted mean at covariate means; pointwise CI; 5th-95th tau percentiles
all_eligible,hippocampus_icv,1.2935849999999998,0.00494750844534887,0.0048317919626721575,0.005063224928025583,0.004945712364880065,0.004863278465215871,0.005028146264544259,adjusted mean at covariate means; pointwise CI; 5th-95th tau percentiles
all_eligible,hippocampus_icv,1.3057439999999998,0.004929807579247542,0.004813658425182917,0.005045956733312167,0.004936183161790494,0.0048547855555059844,0.005017580768075004,adjusted mean at covariate means; pointwise CI; 5th-95th tau percentiles
all_eligible,hippocampus_icv,1.3179029999999996,0.004912182946334547,0.004796162981005573,0.005028202911663521,0.004926653958700924,0.004846226060916446,0.005007081856485402,adjusted mean at covariate means; pointwise CI; 5th-95th tau percentiles
all_eligible,hippocampus_icv,1.3300619999999996,0.004894650240605803,0.004779254215997065,0.005010046265214541,0.004917124755611353,0.004837597545718176,0.00499665196550453,adjusted mean at covariate means; pointwise CI; 5th-95th tau percentiles
all_eligible,hippocampus_icv,1.3422209999999997,0.004877225156057223,0.004762859301362467,0.00499159101075198,0.0049075955525217825,0.00482889764007846,0.004986293464965105,adjusted mean at covariate means; pointwise CI; 5th-95th tau percentiles
all_eligible,hippocampus_icv,1.3543799999999997,0.004859923386684719,0.004746888811348289,0.0049729579620211494,0.004898066349432212,0.004820124065204324,0.0049760086336601,adjusted mean at covariate means; pointwise CI; 5th-95th tau percentiles
all_eligible,hippocampus_icv,1.3665389999999995,0.004842760626484211,0.004731240844182663,0.004954280408785758,0.004888537146342641,0.004811274659607063,0.004965799633078219,adjusted mean at covariate means; pointwise CI; 5th-95th tau percentiles
all_eligible,hippocampus_icv,1.3786979999999995,0.004825752569451609,0.004715805159260382,0.0049356999796428365,0.004879007943253071,0.004802347405943119,0.004955668480563022,adjusted mean at covariate means; pointwise CI; 5th-95th tau percentiles
all_eligible,hippocampus_icv,1.3908569999999996,0.004808914909582828,0.004700467909722129,0.004917361909443528,0.0048694787401635,0.0047933404577891504,0.004945617022537849,adjusted mean at covariate means; pointwise CI; 5th-95th tau percentiles
all_eligible,hippocampus_icv,1.4030159999999996,0.0047922633408737855,0.0046851173698588345,0.004899409311888737,0.004859949537073929,0.004784252165631042,0.004935646908516817,adjusted mean at covariate means; pointwise CI; 5th-95th tau percentiles
all_eligible,hippocampus_icv,1.4151749999999996,0.004775813557320394,0.00466965076630581,0.004881976348334979,0.004850420333984359,0.004775081101296541,0.004925759566672176,adjusted mean at covariate means; pointwise CI; 5th-95th tau percentiles
all_eligible,hippocampus_icv,1.4273339999999997,0.004759581252918569,0.004653981896554532,0.0048651806092826055,0.004840891130894788,0.004765826080046898,0.004915956181742678,adjusted mean at covariate means; pointwise CI; 5th-95th tau percentiles
all_eligible,hippocampus_icv,1.4394929999999995,0.004743582121664222,0.004638048723083827,0.004849115520244617,0.004831361927805217,0.004756486179569996,0.004906237676040439,adjusted mean at covariate means; pointwise CI; 5th-95th tau percentiles
all_eligible,hippocampus_icv,1.4516519999999995,0.004727831857553272,0.004621819742697204,0.0048338439724093405,0.004821832724715647,0.004747060755188607,0.0048966046942426865,adjusted mean at covariate means; pointwise CI; 5th-95th tau percentiles
all_eligible,hippocampus_icv,1.4638109999999995,0.004712346154581631,0.0046052978753228875,0.004819394433840375,0.004812303521626076,0.004737549450711499,0.004887057592540653,adjusted mean at covariate means; pointwise CI; 5th-95th tau percentiles
all_eligible,hippocampus_icv,1.4759699999999996,0.004697140706745215,0.004588521023049201,0.004805760390441229,0.0048027743185365054,0.004727952204507089,0.004877596432565922,adjusted mean at covariate means; pointwise CI; 5th-95th tau percentiles
all_eligible,hippocampus_icv,1.4881289999999994,0.004682231208039937,0.00457155921174106,0.004792903204338814,0.004793245115446935,0.004718269250560019,0.004868220980333851,adjusted mean at covariate means; pointwise CI; 5th-95th tau percentiles
all_eligible,hippocampus_icv,1.5002879999999994,0.004667632358711506,0.004554507425144123,0.0047807572922788895,0.004783715912357364,0.004708501114468706,0.004858930710246023,adjusted mean at covariate means; pointwise CI; 5th-95th tau percentiles
all_eligible,hippocampus_icv,1.5124469999999994,0.004653347912358288,0.004537458061254366,0.004769237763462211,0.0047741867092677935,0.0046986486045424115,0.0048497248139931755,adjusted mean at covariate means; pointwise CI; 5th-95th tau percentiles
all_eligible,hippocampus_icv,1.5246059999999995,0.004639374837586239,0.0045204883334458955,0.0047582613417265825,0.004764657506178223,0.004688712798345784,0.004840602214010662,adjusted mean at covariate means; pointwise CI; 5th-95th tau percentiles
all_eligible,hippocampus_icv,1.5367649999999995,0.004625710001750739,0.004503665535728726,0.004747754467772753,0.004755128303088652,0.004678695025204037,0.004831561580973268,adjusted mean at covariate means; pointwise CI; 5th-95th tau percentiles
all_eligible,hippocampus_icv,1.5489239999999995,0.004612350272207166,0.004487047302439041,0.004737653241975291,0.004745599099999082,0.004668596845312614,0.004822601354685549,adjusted mean at covariate means; pointwise CI; 5th-95th tau percentiles
all_eligible,hippocampus_icv,1.5610829999999993,0.004599292516310898,0.004470682241302726,0.00472790279131907,0.004736069896909511,0.004658420026184616,0.004813719767634406,adjusted mean at covariate means; pointwise CI; 5th-95th tau percentiles
all_eligible,hippocampus_icv,1.5732419999999994,0.004586533601417313,0.004454610823103411,0.004718456379731215,0.00472654069381994,0.0046481665172145884,0.004804914870425292,adjusted mean at covariate means; pointwise CI; 5th-95th tau percentiles
all_eligible,hippocampus_icv,1.5854009999999994,0.004574070394881791,0.004438866359207938,0.0047092744305556435,0.00471701149073037,0.004637838423139672,0.0047961845583210675,adjusted mean at covariate means; pointwise CI; 5th-95th tau percentiles
all_eligible,hippocampus_icv,1.5975599999999992,0.004561899764059709,0.004423475962809641,0.0047003235653097775,0.004707482287640799,0.004627437977143074,0.004787526598138524,adjusted mean at covariate means; pointwise CI; 5th-95th tau percentiles
all_eligible,hippocampus_icv,1.6097189999999992,0.004550018576306445,0.004408461436903236,0.004691575715709654,0.004697953084551228,0.004616967514277434,0.004778938654825023,adjusted mean at covariate means; pointwise CI; 5th-95th tau percentiles
all_eligible,hippocampus_icv,1.6218779999999993,0.0045384236989773775,0.004393840063273321,0.004683007334681434,0.004688423881461658,0.004606429445795157,0.004770418317128158,adjusted mean at covariate means; pointwise CI; 5th-95th tau percentiles
all_eligible,hippocampus_icv,1.6340369999999993,0.004527111999427886,0.004379625285869013,0.004674598712986759,0.004678894678372085,0.004595826234868283,0.004761963121875888,adjusted mean at covariate means; pointwise CI; 5th-95th tau percentiles
all_eligible,hippocampus_icv,1.6461959999999993,0.004516080345013348,0.004365827292599988,0.004666333397426709,0.0046693654752825164,0.0045851603740700506,0.004753570576494982,adjusted mean at covariate means; pointwise CI; 5th-95th tau percentiles
all_eligible,hippocampus_icv,1.6583549999999994,0.004505325603089141,0.004352453504836085,0.004658197701342197,0.004659836272192944,0.00457443436488146,0.004745238179504428,adjusted mean at covariate means; pointwise CI; 5th-95th tau percentiles
all_eligible,hippocampus_icv,1.6705139999999994,0.004494844641010645,0.004339508985876577,0.004650180296144713,0.004650307069103373,0.004563650699384479,0.004736963438822268,adjusted mean at covariate means; pointwise CI; 5th-95th tau percentiles
all_eligible,hippocampus_icv,1.6826729999999992,0.004484634326133238,0.004326996779803206,0.00464227187246327,0.004640777866013803,0.004552811844213016,0.00472874388781459,adjusted mean at covariate means; pointwise CI; 5th-95th tau percentiles
all_eligible,hippocampus_icv,1.6948319999999992,0.004474691525812298,0.00431491819133726,0.004634464860287335,0.004631248662924232,0.0045419202267561465,0.004720577099092318,adjusted mean at covariate means; pointwise CI; 5th-95th tau percentiles
all_eligible,hippocampus_icv,1.706990999999999,0.004465013107403203,0.004303273016117752,0.004626753198688654,0.0046217194598346615,0.004530978223545994,0.004712460696123329,adjusted mean at covariate means; pointwise CI; 5th-95th tau percentiles
all_eligible,hippocampus_icv,1.719149999999999,0.0044555959382613294,0.004292059729506005,0.004619132147016654,0.004612190256745091,0.00451998815071526,0.004704392362774922,adjusted mean at covariate means; pointwise CI; 5th-95th tau percentiles
all_eligible,hippocampus_icv,1.731308999999999,0.00444643688574206,0.00428127564075974,0.004611598130724381,0.00460266105365552,0.004508952256375557,0.004696369850935483,adjusted mean at covariate means; pointwise CI; 5th-95th tau percentiles
all_eligible,hippocampus_icv,1.7434679999999991,0.00443753281720077,0.004270917018281297,0.004604148616120242,0.00459313185056595,0.0044978727147460245,0.004688390986385875,adjusted mean at covariate means; pointwise CI; 5th-95th tau percentiles
all_eligible,hippocampus_icv,1.7556269999999992,0.00442888059999284,0.004260979190656724,0.004596782009328956,0.004583602647476379,0.004486751621850209,0.004680453673102549,adjusted mean at covariate means; pointwise CI; 5th-95th tau percentiles
all_eligible,hippocampus_icv,1.7677859999999992,0.004420477101473646,0.004251456627366247,0.004589497575581045,0.004574073444386808,0.0044755909925961275,0.004672555896177489,adjusted mean at covariate means; pointwise CI; 5th-95th tau percentiles
all_eligible,hippocampus_icv,1.7799449999999992,0.004412319188998566,0.004242343002351752,0.004582295375645381,0.004564544241297238,0.004464392759057847,0.004664695723536628,adjusted mean at covariate means; pointwise CI; 5th-95th tau percentiles
all_eligible,hippocampus_icv,1.792103999999999,0.004404403729922981,0.004233631243057157,0.004575176216788805,0.004555015038207667,0.004453158769785096,0.004656871306630238,adjusted mean at covariate means; pointwise CI; 5th-95th tau percentiles
all_eligible,hippocampus_icv,1.804262999999999,0.004396727591602268,0.004225313567096893,0.004568141616107642,0.004545485835118096,0.004441890789978983,0.00464908088025721,adjusted mean at covariate means; pointwise CI; 5th-95th tau percentiles
all_eligible,hippocampus_icv,1.816421999999999,0.004389287641391804,0.00421738150834057,0.004561193774443037,0.004535956632028526,0.004430590502385457,0.0046413227616715945,adjusted mean at covariate means; pointwise CI; 5th-95th tau percentiles
all_eligible,hippocampus_icv,1.828580999999999,0.004382080746646969,0.004209825933915207,0.004554335559378731,0.004526427428938955,0.004419259508772866,0.004633595349105044,adjusted mean at covariate means; pointwise CI; 5th-95th tau percentiles
all_eligible,hippocampus_icv,1.840739999999999,0.00437510377472314,0.0042026370534092895,0.00454757049603699,0.004516898225849384,0.004407899331874852,0.004625897119823917,adjusted mean at covariate means; pointwise CI; 5th-95th tau percentiles
all_eligible,hippocampus_icv,1.852898999999999,0.004368353592975698,0.004195804421407094,0.004540902764544302,0.004507369022759814,0.004396511417694587,0.004618226627825041,adjusted mean at covariate means; pointwise CI; 5th-95th tau percentiles
all_eligible,hippocampus_icv,1.865057999999999,0.004361827068760019,0.004189316934380616,0.004534337203139422,0.004497839819670243,0.00438509713808024,0.004610582501260246,adjusted mean at covariate means; pointwise CI; 5th-95th tau percentiles
all_eligible,hippocampus_icv,1.877216999999999,0.004355521069431482,0.004183162822915973,0.00452787931594699,0.0044883106165806725,0.00437365779349466,0.004602963439666685,adjusted mean at covariate means; pointwise CI; 5th-95th tau percentiles
all_eligible,hippocampus_icv,1.889375999999999,0.004349432462345464,0.004177329640247838,0.004521535284443091,0.004478781413491102,0.004362194615914101,0.004595368211068103,adjusted mean at covariate means; pointwise CI; 5th-95th tau percentiles
all_eligible,hippocampus_icv,1.901534999999999,0.004343558114857346,0.0041718042481176856,0.004515311981597006,0.004469252210401531,0.004350708771801543,0.00458779564900152,adjusted mean at covariate means; pointwise CI; 5th-95th tau percentiles
all_eligible,hippocampus_icv,1.913693999999999,0.004337894894322503,0.004166572801057672,0.004509216987587335,0.004459723007311961,0.004339201365109663,0.004580244649514258,adjusted mean at covariate means; pointwise CI; 5th-95th tau percentiles
all_eligible,hippocampus_icv,1.925852999999999,0.004332439668096317,0.004161620730330098,0.004503258605862537,0.00445019380422239,0.004327673440276847,0.004572714168167933,adjusted mean at covariate means; pointwise CI; 5th-95th tau percentiles
all_eligible,hippocampus_icv,1.9380119999999987,0.004327189303534165,0.004156932728920189,0.004497445878148141,0.004440664601132819,0.004316125985186846,0.004565203217078793,adjusted mean at covariate means; pointwise CI; 5th-95th tau percentiles
all_eligible,hippocampus_icv,1.9501709999999988,0.004322140667991423,0.0041524927391827235,0.004491788596800122,0.004431135398043249,0.0043045599340689475,0.00455771086201755,adjusted mean at covariate means; pointwise CI; 5th-95th tau percentiles
all_eligible,hippocampus_icv,1.9623299999999988,0.004317290628823474,0.004148283944973364,0.004486297312673583,0.004421606194953678,0.004292976170320775,0.004550236219586581,adjusted mean at covariate means; pointwise CI; 5th-95th tau percentiles
all_eligible,hippocampus_icv,1.9744889999999988,0.00431263605338569,0.0041442887703415565,0.004480983336429823,0.004412076991864107,0.004281375529240335,0.0045427784544878795,adjusted mean at covariate means; pointwise CI; 5th-95th tau percentiles
all_eligible,hippocampus_icv,1.9866479999999989,0.004308173809033455,0.004140488887106193,0.004475858730960717,0.004402547788774537,0.004269758800657653,0.00453533677689142,adjusted mean at covariate means; pointwise CI; 5th-95th tau percentiles
all_eligible,hippocampus_icv,1.998806999999999,0.004303900763122145,0.0041368652338531365,0.004470936292391153,0.004393018585684966,0.004258126731459447,0.004527910439910485,adjusted mean at covariate means; pointwise CI; 5th-95th tau percentiles
all_eligible,hippocampus_icv,2.010965999999999,0.00429981378300714,0.004133398049053501,0.004466229516960778,0.004383489382595395,0.004246480028002826,0.004520498737187965,adjusted mean at covariate means; pointwise CI; 5th-95th tau percentiles
all_eligible,hippocampus_icv,2.0231249999999985,0.004295909736043815,0.0041300669210626705,0.004461752551024959,0.004373960179505825,0.004234819358416086,0.004513101000595564,adjusted mean at covariate means; pointwise CI; 5th-95th tau percentiles
all_eligible,hippocampus_icv,2.035283999999999,0.00429218548958755,0.0041268508576761485,0.004457520121498951,0.004364430976416254,0.004223145354786304,0.0045057165980462045,adjusted mean at covariate means; pointwise CI; 5th-95th tau percentiles
all_eligible,hippocampus_icv,2.0474429999999986,0.0042886379109937246,0.0041237283776387424,0.004453547444348707,0.0043549017733266835,0.004211458615234787,0.00449834493141858,adjusted mean at covariate means; pointwise CI; 5th-95th tau percentiles
all_eligible,hippocampus_icv,2.0596019999999986,0.004285263867617716,0.004120677625980003,0.0044498501092554285,0.004345372570237113,0.004199759705882439,0.0044909854345917865,adjusted mean at covariate means; pointwise CI; 5th-95th tau percentiles
all_eligible,hippocampus_icv,2.0717609999999986,0.004282060226814902,0.004117676514242218,0.0044464439393875855,0.004335843367147542,0.004188049162707892,0.004483637571587192,adjusted mean at covariate means; pointwise CI; 5th-95th tau percentiles
all_eligible,hippocampus_icv,2.0839199999999987,0.004279023855940661,0.004114702885558925,0.004443344826322397,0.004326314164057972,0.004176327493301848,0.004476300834814095,adjusted mean at covariate means; pointwise CI; 5th-95th tau percentiles
all_eligible,hippocampus_icv,2.0960789999999987,0.004276151622350373,0.004111734703144509,0.004440568541556237,0.004316784960968401,0.004164595178521472,0.00446897474341533,adjusted mean at covariate means; pointwise CI; 5th-95th tau percentiles
all_eligible,hippocampus_icv,2.1082379999999987,0.004273440393399415,0.0041087502591240195,0.004438130527674811,0.00430725575787883,0.004152852674049,0.0044616588417086605,adjusted mean at covariate means; pointwise CI; 5th-95th tau percentiles
all_eligible,hippocampus_icv,2.1203969999999988,0.0042708870364431654,0.00410572839887074,0.004436045674015591,0.004297726554789258,0.004141100411858839,0.004454352697719677,adjusted mean at covariate means; pointwise CI; 5th-95th tau percentiles
all_eligible,hippocampus_icv,2.1325559999999983,0.004268488418837004,0.004102648754280267,0.004434328083393741,0.004288197351699689,0.004129338801597595,0.004447055901801783,adjusted mean at covariate means; pointwise CI; 5th-95th tau percentiles
all_eligible,hippocampus_icv,2.144714999999999,0.004266241407936306,0.00409949197788494,0.004432990837987672,0.004278668148610117,0.0041175682318814015,0.004439768065338832,adjusted mean at covariate means; pointwise CI; 5th-95th tau percentiles
all_eligible,hippocampus_icv,2.1568739999999984,0.004264142871096452,0.004096239968609318,0.004432045773583586,0.004269138945520548,0.004105789071514967,0.0044324888195261284,adjusted mean at covariate means; pointwise CI; 5th-95th tau percentiles
all_eligible,hippocampus_icv,2.169032999999999,0.00426218967567282,0.004092876079478296,0.0044315032718673444,0.004259609742430975,0.004094001670636572,0.0044252178142253785,adjusted mean at covariate means; pointwise CI; 5th-95th tau percentiles
all_eligible,hippocampus_icv,2.1811919999999985,0.004260378689020789,0.0040893852978551755,0.004431372080186402,0.0042500805393414064,0.004082206361793276,0.004417954716889537,adjusted mean at covariate means; pointwise CI; 5th-95th tau percentiles
all_eligible,hippocampus_icv,2.1933509999999985,0.004258706778495736,0.004085754389862488,0.0044316591671289835,0.004240551336251834,0.00407040346095025,0.004410699211553418,adjusted mean at covariate means; pointwise CI; 5th-95th tau percentiles
all_eligible,hippocampus_icv,2.2055099999999985,0.0042571708114530395,0.004081972002471853,0.004432369620434226,0.004231022133162263,0.004058593268438268,0.004403450997886259,adjusted mean at covariate means; pointwise CI; 5th-95th tau percentiles
all_eligible,hippocampus_icv,2.2176689999999986,0.004255767655248079,0.004078028719179763,0.0044335065913163945,0.004221492930072693,0.004046776069842923,0.004396209790302462,adjusted mean at covariate means; pointwise CI; 5th-95th tau percentiles
all_eligible,hippocampus_icv,2.2298279999999986,0.004254494177236231,0.004073917067964433,0.004435071286508029,0.004211963726983122,0.004034952136839222,0.004388975317127022,adjusted mean at covariate means; pointwise CI; 5th-95th tau percentiles
all_eligible,hippocampus_icv,2.241986999999998,0.004253347244772876,0.004069631483046015,0.004437063006499736,0.0042024345238935515,0.0040231217279748654,0.0043817473198122375,adjusted mean at covariate means; pointwise CI; 5th-95th tau percentiles
all_eligible,hippocampus_icv,2.2541459999999987,0.00425232372521339,0.0040651682245502535,0.004439479225876526,0.004192905320803981,0.004011285089405436,0.004374525552202526,adjusted mean at covariate means; pointwise CI; 5th-95th tau percentiles
all_eligible,hippocampus_icv,2.2663049999999982,0.004251420485913154,0.004060525262254699,0.0044423157095716094,0.00418337611771441,0.003999442455584483,0.004367309779844337,adjusted mean at covariate means; pointwise CI; 5th-95th tau percentiles
all_eligible,hippocampus_icv,2.2784639999999987,0.004250634394227544,0.004055702131012129,0.00444556665744296,0.0041738469146248396,0.003987594049911376,0.004360099779338303,adjusted mean at covariate means; pointwise CI; 5th-95th tau percentiles
all_eligible,hippocampus_icv,2.2906229999999983,0.00424996231751194,0.00405069976613455,0.004449224868889329,0.004164317711535269,0.003975740085339587,0.004352895337730951,adjusted mean at covariate means; pointwise CI; 5th-95th tau percentiles
all_eligible,hippocampus_icv,2.3027819999999983,0.004249401123121719,0.004045520327016524,0.004453281919226915,0.004154788508445698,0.003963880764947942,0.004345696251943454,adjusted mean at covariate means; pointwise CI; 5th-95th tau percentiles
all_eligible,hippocampus_icv,2.3149409999999984,0.004248947678412261,0.004040167016688913,0.004457728340135608,0.004145259305356128,0.003952016282477183,0.004338502328235072,adjusted mean at covariate means; pointwise CI; 5th-95th tau percentiles
all_eligible,hippocampus_icv,2.3270999999999984,0.004248598850738942,0.004034643903979935,0.004462553797497949,0.004135730102266557,0.003940146822834085,0.004331313381699029,adjusted mean at covariate means; pointwise CI; 5th-95th tau percentiles
all_eligible,cdrsb,1.10525,0.48421476397283136,0.15334230092019546,0.8150872270254672,0.6144684317224938,0.34747003588637126,0.8814668275586163,adjusted mean at covariate means; pointwise CI; 5th-95th tau percentiles
all_eligible,cdrsb,1.11768,0.5242291142701587,0.2245006926654985,0.823957535874819,0.6579407584594241,0.3970480821606567,0.9188334347581916,adjusted mean at covariate means; pointwise CI; 5th-95th tau percentiles
all_eligible,cdrsb,1.1301100000000002,0.5647881236153438,0.2923285759010751,0.8372476713296125,0.7014130851963554,0.4464247857000706,0.9564013846926401,adjusted mean at covariate means; pointwise CI; 5th-95th tau percentiles
all_eligible,cdrsb,1.1425400000000001,0.6059452346352057,0.35625040419132037,0.855640065079091,0.7448854119332848,0.49558584037311804,0.9941849834934516,adjusted mean at covariate means; pointwise CI; 5th-95th tau percentiles
all_eligible,cdrsb,1.15497,0.6477538899565571,0.41574499833878387,0.8797627815743304,0.7883577386702143,0.5445161527039131,1.0321993246365155,adjusted mean at covariate means; pointwise CI; 5th-95th tau percentiles
all_eligible,cdrsb,1.1674,0.6902675322062137,0.47048717356227565,0.9100478908501518,0.8318300654071447,0.593199889445592,1.0704602413686972,adjusted mean at covariate means; pointwise CI; 5th-95th tau percentiles
all_eligible,cdrsb,1.1798300000000002,0.73353960401099,0.5205085542341481,0.946570653787832,0.875302392144075,0.6416205531434277,1.1089842311447224,adjusted mean at covariate means; pointwise CI; 5th-95th tau percentiles
all_eligible,cdrsb,1.19226,0.7776235479977016,0.5662927922209021,0.9889543037745011,0.9187747188810054,0.689761090368616,1.1477883473933947,adjusted mean at covariate means; pointwise CI; 5th-95th tau percentiles
all_eligible,cdrsb,1.20469,0.8225728067931604,0.6087312723324636,1.0364143412538571,0.9622470456179348,0.7376040368762887,1.1868900543595808,adjusted mean at covariate means; pointwise CI; 5th-95th tau percentiles
all_eligible,cdrsb,1.21712,0.8684408230241845,0.6489550136149731,1.0879266324333958,1.0057193723548652,0.7851317029918903,1.22630704171784,adjusted mean at covariate means; pointwise CI; 5th-95th tau percentiles
all_eligible,cdrsb,1.2295500000000001,0.9152810393175885,0.6881375487203992,1.142424529914778,1.0491916990917955,0.8323264009459616,1.2660569972376297,adjusted mean at covariate means; pointwise CI; 5th-95th tau percentiles
all_eligible,cdrsb,1.24198,0.9631468983001863,0.7273529746975438,1.1989408219028288,1.092664025828726,0.8791707135887965,1.3061573380686553,adjusted mean at covariate means; pointwise CI; 5th-95th tau percentiles
all_eligible,cdrsb,1.25441,1.0120918425987924,0.7675108405406974,1.2566728446568873,1.1361363525656563,0.9256478009319075,1.3466249041994052,adjusted mean at covariate means; pointwise CI; 5th-95th tau percentiles
all_eligible,cdrsb,1.2668400000000002,1.0621656284286969,0.8093368630853632,1.3149943937720305,1.1796086793025866,0.9717417374071233,1.38747562119805,adjusted mean at covariate means; pointwise CI; 5th-95th tau percentiles
all_eligible,cdrsb,1.2792700000000001,1.1133503285330626,0.8532228611662167,1.3734777958999085,1.223081006039516,1.0174378688735162,1.428724143205516,adjusted mean at covariate means; pointwise CI; 5th-95th tau percentiles
all_eligible,cdrsb,1.2917,1.1655686582472091,0.89926316904172,1.4318741474526981,1.2665533327764464,1.0627231746536132,1.4703834908992797,adjusted mean at covariate means; pointwise CI; 5th-95th tau percentiles
all_eligible,cdrsb,1.30413,1.2187413207074256,0.947434031644793,1.4900486097700583,1.310025659513376,1.1075866167778257,1.5124647022489262,adjusted mean at covariate means; pointwise CI; 5th-95th tau percentiles
all_eligible,cdrsb,1.3165600000000002,1.2727890190500073,0.997630022321508,1.5479480157785066,1.3534979862503072,1.152019456740598,1.5549765157600164,adjusted mean at covariate means; pointwise CI; 5th-95th tau percentiles
all_eligible,cdrsb,1.3289900000000001,1.3276324564112443,1.0496857503224992,1.6055791624999893,1.3969703129872366,1.19601551993789,1.5979251060365833,adjusted mean at covariate means; pointwise CI; 5th-95th tau percentiles
all_eligible,cdrsb,1.34142,1.383192335927431,1.1033910190126304,1.6629936528422316,1.440442639724166,1.2395713898848248,1.6413138895635073,adjusted mean at covariate means; pointwise CI; 5th-95th tau percentiles
all_eligible,cdrsb,1.35385,1.4393893607348582,1.15850182647533,1.7202768949943865,1.4839149664610964,1.2826865183208416,1.6851434146013513,adjusted mean at covariate means; pointwise CI; 5th-95th tau percentiles
all_eligible,cdrsb,1.3662800000000002,1.4961442339698205,1.2147489394492568,1.7775395284903843,1.5273872931980268,1.3253632430548483,1.7294113433412053,adjusted mean at covariate means; pointwise CI; 5th-95th tau percentiles
all_eligible,cdrsb,1.37871,1.5533776587686088,1.27184529519191,1.8349100223453076,1.5708596199349572,1.3676067122116629,1.7741125276582514,adjusted mean at covariate means; pointwise CI; 5th-95th tau percentiles
all_eligible,cdrsb,1.39114,1.6110103382675174,1.329493138181556,1.8925275383534788,1.6143319466718875,1.4094247205277182,1.8192391728160568,adjusted mean at covariate means; pointwise CI; 5th-95th tau percentiles
all_eligible,cdrsb,1.4035700000000002,1.6689629756028364,1.3873915084795008,1.950534442726172,1.6578042734088179,1.450827469586207,1.8647810772314288,adjusted mean at covariate means; pointwise CI; 5th-95th tau percentiles
all_eligible,cdrsb,1.4160000000000001,1.727156273910861,1.445244405946983,2.009068141874739,1.7012766001457473,1.4918272686081393,1.9107259316833554,adjusted mean at covariate means; pointwise CI; 5th-95th tau percentiles
all_eligible,cdrsb,1.42843,1.7855109363278814,1.5027696250201366,2.068252247635626,1.7447489268826777,1.532438195149963,1.9570596586153923,adjusted mean at covariate means; pointwise CI; 5th-95th tau percentiles
all_eligible,cdrsb,1.4408600000000003,1.8439476659901928,1.5597078940339628,2.1281874379464227,1.788221253619608,1.5726757356828782,2.0037667715563376,adjusted mean at covariate means; pointwise CI; 5th-95th tau percentiles
all_eligible,cdrsb,1.4532900000000002,1.9023871660340852,1.6158316152891627,2.1889427167790076,1.8316935803565384,1.6125564247604411,2.0508307359526357,adjusted mean at covariate means; pointwise CI; 5th-95th tau percentiles
all_eligible,cdrsb,1.4657200000000001,1.960750139595854,1.6709522800940684,2.25054799909764,1.8751659070934679,1.652097498776008,2.0982343154109278,adjusted mean at covariate means; pointwise CI; 5th-95th tau percentiles
all_eligible,cdrsb,1.47815,2.0189572898117873,1.7249256219934122,2.3129889576301625,1.9186382338303973,1.69131657674022,2.1459598909205746,adjusted mean at covariate means; pointwise CI; 5th-95th tau percentiles
all_eligible,cdrsb,1.49058,2.0769293198181806,1.7776538146170155,2.3762048250193457,1.9621105605673277,1.7302313766340414,2.193989744500614,adjusted mean at covariate means; pointwise CI; 5th-95th tau percentiles
all_eligible,cdrsb,1.5030100000000002,2.1345869327513274,1.8290844691181583,2.4400893963844963,2.005582887304258,1.7688594721816482,2.2423063024268677,adjusted mean at covariate means; pointwise CI; 5th-95th tau percentiles
all_eligible,cdrsb,1.5154400000000001,2.1918508317475194,1.8792067052819639,2.504494958213075,2.0490552140411884,1.8072180916644578,2.2908923364179192,adjusted mean at covariate means; pointwise CI; 5th-95th tau percentiles
all_eligible,cdrsb,1.52787,2.2486508473874576,1.9280531153843679,2.569248579390547,2.0925275407781188,1.8453239578388612,2.3397311237173763,adjusted mean at covariate means; pointwise CI; 5th-95th tau percentiles
all_eligible,cdrsb,1.5403000000000002,2.3049701939819505,1.9757230653158921,2.634217322648009,2.135999867515049,1.8831931661739698,2.3888065688561286,adjusted mean at covariate means; pointwise CI; 5th-95th tau percentiles
all_eligible,cdrsb,1.5527300000000002,2.3608114366185466,2.0223281610046753,2.699294712232418,2.1794721942519786,1.920841097447454,2.4381032910565033,adjusted mean at covariate means; pointwise CI; 5th-95th tau percentiles
all_eligible,cdrsb,1.56516,2.416177167364329,2.0679700503155836,2.764384284413074,2.222944520988909,1.9582823601270527,2.487606681850765,adjusted mean at covariate means; pointwise CI; 5th-95th tau percentiles
all_eligible,cdrsb,1.5775900000000003,2.47106997828638,2.1127402085449996,2.82939974802776,2.2664168477258393,1.9955307577983084,2.5373029376533704,adjusted mean at covariate means; pointwise CI; 5th-95th tau percentiles
all_eligible,cdrsb,1.5900200000000002,2.525492461451779,2.156720222494204,2.894264700409354,2.3098891744627696,2.032599277050717,2.5871790718748224,adjusted mean at covariate means; pointwise CI; 5th-95th tau percentiles
all_eligible,cdrsb,1.6024500000000002,2.579447208927606,2.199982373846766,2.958912044008446,2.353361501199699,2.069500091593268,2.63722291080613,adjusted mean at covariate means; pointwise CI; 5th-95th tau percentiles
all_eligible,cdrsb,1.61488,2.6329368127809456,2.2425903887165934,3.0232832368452978,2.3968338279366295,2.1062445788458977,2.6874230770273613,adjusted mean at covariate means; pointwise CI; 5th-95th tau percentiles
all_eligible,cdrsb,1.62731,2.6859638650788735,2.2846002575956423,3.0873274725621047,2.440306154673559,2.1428433457765763,2.7377689635705416,adjusted mean at covariate means; pointwise CI; 5th-95th tau percentiles
all_eligible,cdrsb,1.6397400000000002,2.738530957888478,2.3260610611989723,3.1510008545779833,2.48377848141049,2.1793062612769405,2.78825070154404,adjusted mean at covariate means; pointwise CI; 5th-95th tau percentiles
all_eligible,cdrsb,1.6521700000000001,2.7906406832768322,2.367015761807124,3.2142656047465405,2.5272508081474196,2.2156424928610257,2.8388591234338136,adjusted mean at covariate means; pointwise CI; 5th-95th tau percentiles
all_eligible,cdrsb,1.6646,2.8422956333110223,2.407501937170168,3.2770893294518766,2.57072313488435,2.2518605459144303,2.8895857238542697,adjusted mean at covariate means; pointwise CI; 5th-95th tau percentiles
all_eligible,cdrsb,1.6770300000000002,2.893498400058128,2.447552446043195,3.339444354073061,2.6141954616212804,2.287968304106799,2.9404226191357616,adjusted mean at covariate means; pointwise CI; 5th-95th tau percentiles
all_eligible,cdrsb,1.6894600000000002,2.9442515755852297,2.487196022264155,3.4013071289063044,2.65766778835821,2.3239730699077117,2.991362506808708,adjusted mean at covariate means; pointwise CI; 5th-95th tau percentiles
all_eligible,cdrsb,1.7018900000000001,2.994557751959408,2.5264577991160913,3.4626577048027247,2.7011401150951393,2.359881604417473,3.0423986257728055,adjusted mean at covariate means; pointwise CI; 5th-95th tau percentiles
all_eligible,cdrsb,1.7143200000000003,3.044419521247745,2.565359768464784,3.5234792740307057,2.7446124418320705,2.395700165945246,3.093524717718895,adjusted mean at covariate means; pointwise CI; 5th-95th tau percentiles
all_eligible,cdrsb,1.72675,3.0938394755173215,2.603921180527249,3.583757770507394,2.788084768569,2.431434546943512,3.144734990194488,adjusted mean at covariate means; pointwise CI; 5th-95th tau percentiles
all_eligible,cdrsb,1.7391800000000002,3.1428202068352187,2.6421588906069973,3.64348152306344,2.8315570953059304,2.467090109046683,3.1960240815651777,adjusted mean at covariate means; pointwise CI; 5th-95th tau percentiles
all_eligible,cdrsb,1.7516100000000001,3.191364307268519,2.6800876590754115,3.702640955461627,2.8750294220428607,2.5026718160688586,3.247387028016863,adjusted mean at covariate means; pointwise CI; 5th-95th tau percentiles
all_eligible,cdrsb,1.76404,3.2394743688842986,2.7177204105168906,3.7612283272517066,2.91850174877979,2.53818426489707,3.2988192326625105,adjusted mean at covariate means; pointwise CI; 5th-95th tau percentiles
all_eligible,cdrsb,1.7764700000000002,3.2871529837496443,2.755068457439929,3.8192375100593594,2.9619740755167214,2.5736317142766936,3.3503164367567493,adjusted mean at covariate means; pointwise CI; 5th-95th tau percentiles
all_eligible,cdrsb,1.7889000000000002,3.3344027439316317,2.792141693381544,3.8766637944817193,3.005446402253651,2.609018111529492,3.4018746929778096,adjusted mean at covariate means; pointwise CI; 5th-95th tau percentiles
all_eligible,cdrsb,1.80133,3.3812262414973473,2.828948759655816,3.9335037233388785,3.0489187289905813,2.6443471172753266,3.453490340705836,adjusted mean at covariate means; pointwise CI; 5th-95th tau percentiles
all_eligible,cdrsb,1.8137600000000003,3.4276260685138684,2.865497189450748,3.989754947576989,3.0923910557275116,2.679622128249095,3.505159983205928,adjusted mean at covariate means; pointwise CI; 5th-95th tau percentiles
all_eligible,cdrsb,1.8261900000000002,3.473604817048276,2.90179353247789,4.045416101618662,3.135863382464441,2.7148462983171497,3.5568804666117324,adjusted mean at covariate means; pointwise CI; 5th-95th tau percentiles
all_eligible,cdrsb,1.8386200000000001,3.519165079167653,2.9378434629325865,4.1004866954027195,3.1793357092013705,2.7500225578042863,3.608648860598455,adjusted mean at covariate means; pointwise CI; 5th-95th tau percentiles
all_eligible,cdrsb,1.8510500000000003,3.56430944693908,2.97365187313007,4.15496702074809,3.222808035938302,2.785153631244935,3.6604624406316684,adjusted mean at covariate means; pointwise CI; 5th-95th tau percentiles
all_eligible,cdrsb,1.86348,3.6090405124296367,3.009222954841318,4.208858070017955,3.2662803626752313,2.8202420536714885,3.712318671678974,adjusted mean at covariate means; pointwise CI; 5th-95th tau percentiles
all_eligible,cdrsb,1.8759100000000002,3.6533608677064056,3.0445602700582706,4.2621614653545405,3.3097526894121616,2.855290185549925,3.7642151932743984,adjusted mean at covariate means; pointwise CI; 5th-95th tau percentiles
all_eligible,cdrsb,1.8883400000000001,3.6972731048364658,3.0796668126655615,4.31487939700737,3.353225016149092,2.8903002264683595,3.8161498058298244,adjusted mean at covariate means; pointwise CI; 5th-95th tau percentiles
all_eligible,cdrsb,1.90077,3.7407798158869,3.114545062280502,4.367014569493298,3.3966973428860214,2.9252742276789183,3.8681204580931245,adjusted mean at covariate means; pointwise CI; 5th-95th tau percentiles
all_eligible,cdrsb,1.9132000000000002,3.7838835929247896,3.1491970313394173,4.418570154510162,3.4401696696229527,2.960214103587312,3.920125235658593,adjusted mean at covariate means; pointwise CI; 5th-95th tau percentiles
all_eligible,cdrsb,1.9256300000000002,3.8265870280172143,3.183624306352484,4.469549749681945,3.483641996359882,2.9951216422782774,3.972162350441487,adjusted mean at covariate means; pointwise CI; 5th-95th tau percentiles
all_eligible,cdrsb,1.9380600000000001,3.868892713231255,3.2178280841166984,4.519957342345812,3.5271143230968125,3.0299985151588205,4.0242301310348045,adjusted mean at covariate means; pointwise CI; 5th-95th tau percentiles
all_eligible,cdrsb,1.9504900000000003,3.910803240633994,3.251809203564166,4.569797277703822,3.5705866498337437,3.06484628579497,4.076327013872517,adjusted mean at covariate means; pointwise CI; 5th-95th tau percentiles
all_eligible,cdrsb,1.9629200000000002,3.952321202292511,3.285568173827409,4.619074230757613,3.614058976570673,3.099666418011839,4.128451535129507,adjusted mean at covariate means; pointwise CI; 5th-95th tau percentiles
all_eligible,cdrsb,1.9753500000000002,3.9934491902738882,3.319105199022446,4.66779318152533,3.657531303307602,3.1344602833210824,4.180602323294122,adjusted mean at covariate means; pointwise CI; 5th-95th tau percentiles
all_eligible,cdrsb,1.9877800000000003,4.034189796645206,3.35242020018148,4.715959393108933,3.701003630044533,3.1692291677344544,4.232778092354612,adjusted mean at covariate means; pointwise CI; 5th-95th tau percentiles
all_eligible,cdrsb,2.00021,4.0745456134735445,3.385512834708533,4.763578392238556,3.7444759567814625,3.203974278017176,4.284977635545749,adjusted mean at covariate means; pointwise CI; 5th-95th tau percentiles
all_eligible,cdrsb,2.01264,4.114519232825987,3.4183825136815944,4.81065595197038,3.787948283518393,3.2386967474301875,4.337199819606598,adjusted mean at covariate means; pointwise CI; 5th-95th tau percentiles
all_eligible,cdrsb,2.0250700000000004,4.154113246769613,3.4510284172823456,4.857198076256881,3.831420610255324,3.2733976410059435,4.389443579504705,adjusted mean at covariate means; pointwise CI; 5th-95th tau percentiles
all_eligible,cdrsb,2.0375,4.193330247371503,3.4834495085984103,4.903210986144596,3.8748929369922536,3.308077960398532,4.441707913585975,adjusted mean at covariate means; pointwise CI; 5th-95th tau percentiles
all_eligible,cdrsb,2.0499300000000003,4.23217282669874,3.5156445460121004,4.9487011073853795,3.918365263729184,3.342738648345229,4.493991879113139,adjusted mean at covariate means; pointwise CI; 5th-95th tau percentiles
all_eligible,cdrsb,2.06236,4.270643576818402,3.5476120943632035,4.9936750592736,3.9618375904661134,3.377380592773178,4.546294588159048,adjusted mean at covariate means; pointwise CI; 5th-95th tau percentiles
all_eligible,cdrsb,2.07479,4.308745089797572,3.579350535050726,5.038139644544418,4.005309917203044,3.4120046305819893,4.598615203824099,adjusted mean at covariate means; pointwise CI; 5th-95th tau percentiles
all_eligible,cdrsb,2.0872200000000003,4.346479957703332,3.6108580752190185,5.082101840187646,4.048782243939975,3.446611551130082,4.650952936749868,adjusted mean at covariate means; pointwise CI; 5th-95th tau percentiles
all_eligible,cdrsb,2.0996500000000005,4.38385077260276,3.6421327561570145,5.125568789048506,4.092254570676905,3.481202099450249,4.703307041903562,adjusted mean at covariate means; pointwise CI; 5th-95th tau percentiles
all_eligible,cdrsb,2.11208,4.420860126562938,3.6731724610249605,5.168547792100916,4.135726897413834,3.515776979217482,4.755676815610186,adjusted mean at covariate means; pointwise CI; 5th-95th tau percentiles
all_eligible,cdrsb,2.12451,4.4575106116509495,3.703974922010467,5.211046301291432,4.179199224150763,3.5503368554900803,4.8080615928114465,adjusted mean at covariate means; pointwise CI; 5th-95th tau percentiles
all_eligible,cdrsb,2.13694,4.493804819933874,3.7345377270050597,5.253071912862687,4.222671550887694,3.5848823572431248,4.860460744532262,adjusted mean at covariate means; pointwise CI; 5th-95th tau percentiles
all_eligible,cdrsb,2.1493700000000002,4.529745343478792,3.7648583258829866,5.294632361074598,4.266143877624624,3.6194140797117274,4.91287367553752,adjusted mean at covariate means; pointwise CI; 5th-95th tau percentiles
all_eligible,cdrsb,2.1618000000000004,4.565334774352784,3.7949340364559,5.335735512249667,4.309616204361555,3.6539325865598555,4.965299822163255,adjusted mean at covariate means; pointwise CI; 5th-95th tau percentiles
all_eligible,cdrsb,2.1742300000000006,4.6005757046229325,3.8247620501698973,5.376389359075968,4.353088531098486,3.6884384118891407,5.017738650307831,adjusted mean at covariate means; pointwise CI; 5th-95th tau percentiles
all_eligible,cdrsb,2.1866600000000003,4.635470726356316,3.854339437605067,5.416602015107566,4.396560857835415,3.7229320621007984,5.070189653570032,adjusted mean at covariate means; pointwise CI; 5th-95th tau percentiles
all_eligible,cdrsb,2.19909,4.670022431620019,3.883663153832197,5.456381709407841,4.440033184572345,3.7574140176226125,5.122652351522077,adjusted mean at covariate means; pointwise CI; 5th-95th tau percentiles
all_eligible,cdrsb,2.21152,4.704233412481121,3.9127300436762096,5.495736781286032,4.483505511309275,3.7918847345118847,5.175126288106665,adjusted mean at covariate means; pointwise CI; 5th-95th tau percentiles
all_eligible,cdrsb,2.2239500000000003,4.738106261006702,3.941536846931499,5.534675675081905,4.526977838046206,3.826344645944301,5.227611030148111,adjusted mean at covariate means; pointwise CI; 5th-95th tau percentiles
all_eligible,cdrsb,2.2363800000000005,4.771643569263844,3.9700802035701974,5.573206934957491,4.570450164783137,3.860794163597781,5.280106165968492,adjusted mean at covariate means; pointwise CI; 5th-95th tau percentiles
all_eligible,cdrsb,2.24881,4.804847929319628,3.9983566589806774,5.611339199658579,4.613922491520065,3.895233678939632,5.3326113041004986,adjusted mean at covariate means; pointwise CI; 5th-95th tau percentiles
all_eligible,cdrsb,2.26124,4.837721933241134,4.0263626692700685,5.6490811972122,4.657394818256995,3.929663564424537,5.385126072089452,adjusted mean at covariate means; pointwise CI; 5th-95th tau percentiles
all_eligible,cdrsb,2.27367,4.870268173095444,4.054094606661302,5.686441739529586,4.700867144993926,3.964084174610345,5.437650115377506,adjusted mean at covariate means; pointwise CI; 5th-95th tau percentiles
all_eligible,cdrsb,2.2861000000000002,4.902489240949642,4.0815487650120215,5.723429716887262,4.744339471730856,3.998495847197975,5.4901830962637375,adjusted mean at covariate means; pointwise CI; 5th-95th tau percentiles
all_eligible,cdrsb,2.2985300000000004,4.934387728870803,4.108721365479649,5.7600540922619565,4.787811798467787,4.032898904001253,5.54272469293432,adjusted mean at covariate means; pointwise CI; 5th-95th tau percentiles
all_eligible,cdrsb,2.3109600000000006,4.9659662289260105,4.135608562353985,5.796323895498036,4.831284125204719,4.067293651851983,5.595274598557454,adjusted mean at covariate means; pointwise CI; 5th-95th tau percentiles
all_eligible,cdrsb,2.3233900000000003,4.997227333182346,4.162206449075674,5.832248217289019,4.874756451941647,4.101680383445126,5.647832520438168,adjusted mean at covariate means; pointwise CI; 5th-95th tau percentiles
all_eligible,cdrsb,2.33582,5.02817363370689,4.188511064456053,5.867836202957728,4.918228778678578,4.136059378128583,5.700398179228572,adjusted mean at covariate means; pointwise CI; 5th-95th tau percentiles
all_eligible,cdrsb,2.34825,5.058807722566725,4.2145183991109,5.903097046022551,4.961701105415508,4.170430902641611,5.752971308189405,adjusted mean at covariate means; pointwise CI; 5th-95th tau percentiles
age_ge_65,hippocampus_icv,1.1092,0.0051450212662350935,0.004996108002561261,0.005293934529908926,0.005025150733118079,0.004916434530016768,0.00513386693621939,adjusted mean at covariate means; pointwise CI; 5th-95th tau percentiles
age_ge_65,hippocampus_icv,1.120056,0.005132343009211372,0.004995352588679874,0.005269333429742871,0.005017143674635356,0.004910155668618608,0.005124131680652105,adjusted mean at covariate means; pointwise CI; 5th-95th tau percentiles
age_ge_65,hippocampus_icv,1.130912,0.005119549636117861,0.004992938572186138,0.005246160700049584,0.005009136616152633,0.0049038439820363305,0.005114429250268936,adjusted mean at covariate means; pointwise CI; 5th-95th tau percentiles
age_ge_65,hippocampus_icv,1.141768,0.005106627270032937,0.004988649134312535,0.005224605405753339,0.0050011295576699085,0.004897497859237932,0.005104761256101885,adjusted mean at covariate means; pointwise CI; 5th-95th tau percentiles
age_ge_65,hippocampus_icv,1.1526239999999999,0.005093562034034977,0.004982307857606019,0.0052048162104639355,0.0049931224991871855,0.004891115618077731,0.00509512938029664,adjusted mean at covariate means; pointwise CI; 5th-95th tau percentiles
age_ge_65,hippocampus_icv,1.1634799999999998,0.00508034005120236,0.004973818795749021,0.005186861306655699,0.004985115440704461,0.004884695505330567,0.005085535376078355,adjusted mean at covariate means; pointwise CI; 5th-95th tau percentiles
age_ge_65,hippocampus_icv,1.1743359999999998,0.005066947444613463,0.004963203268025873,0.005170691621201052,0.004977108382221738,0.004878235697417736,0.005075981067025739,adjusted mean at covariate means; pointwise CI; 5th-95th tau percentiles
age_ge_65,hippocampus_icv,1.185192,0.005053370337346661,0.0049506154690734765,0.005156125205619845,0.004969101323739015,0.004871734301943943,0.005066468345534087,adjusted mean at covariate means; pointwise CI; 5th-95th tau percentiles
age_ge_65,hippocampus_icv,1.196048,0.005039594852480335,0.004936325730435233,0.005142863974525437,0.00496109426525629,0.004865189360172301,0.00505699917034028,adjusted mean at covariate means; pointwise CI; 5th-95th tau percentiles
age_ge_65,hippocampus_icv,1.206904,0.005025607113092859,0.004920677445857691,0.005130536780328028,0.004953087206773567,0.00485859885056958,0.005047575562977555,adjusted mean at covariate means; pointwise CI; 5th-95th tau percentiles
age_ge_65,hippocampus_icv,1.21776,0.005011393242262614,0.00490403662628716,0.005118749858238068,0.004945080148290844,0.004851960693555915,0.0050381996030257736,adjusted mean at covariate means; pointwise CI; 5th-95th tau percentiles
age_ge_65,hippocampus_icv,1.228616,0.004996939363067975,0.004886751566626726,0.005107127159509223,0.004937073089808119,0.004845272757591042,0.005028873422025197,adjusted mean at covariate means; pointwise CI; 5th-95th tau percentiles
age_ge_65,hippocampus_icv,1.239472,0.0049822315985873205,0.004869129460581306,0.005095333736593335,0.0049290660313253964,0.004838532866721276,0.005019599195929517,adjusted mean at covariate means; pointwise CI; 5th-95th tau percentiles
age_ge_65,hippocampus_icv,1.2503279999999999,0.004967256071899026,0.004851427625188068,0.005083084518609985,0.0049210589728426735,0.004831738809697144,0.005010379135988203,adjusted mean at covariate means; pointwise CI; 5th-95th tau percentiles
age_ge_65,hippocampus_icv,1.2611839999999999,0.004951998969781896,0.004833853505327219,0.005070144434236573,0.004913051914359949,0.004824888350749536,0.005001215477970362,adjusted mean at covariate means; pointwise CI; 5th-95th tau percentiles
age_ge_65,hippocampus_icv,1.2720399999999998,0.0049364597828863346,0.004816552217262677,0.0050563673485099925,0.004905044855877226,0.004817979242081268,0.004992110469673183,adjusted mean at covariate means; pointwise CI; 5th-95th tau percentiles
age_ge_65,hippocampus_icv,1.2828959999999998,0.0049206675866353975,0.0047995889949743,0.005041746178296495,0.004897037797394501,0.004811009238090731,0.004983066356698271,adjusted mean at covariate means; pointwise CI; 5th-95th tau percentiles
age_ge_65,hippocampus_icv,1.2937519999999998,0.004904655444333503,0.0047829865765357605,0.005026324312131246,0.004889030738911778,0.004803976111294381,0.004974085366529175,adjusted mean at covariate means; pointwise CI; 5th-95th tau percentiles
age_ge_65,hippocampus_icv,1.3046079999999998,0.0048884564192850696,0.004766739219247789,0.00501017361932235,0.004881023680429053,0.004796877669855636,0.004965169691002471,adjusted mean at covariate means; pointwise CI; 5th-95th tau percentiles
age_ge_65,hippocampus_icv,1.315464,0.004872103574794514,0.004750819361306406,0.0049933877882826225,0.00487301662194633,0.00478971177656057,0.004956321467332091,adjusted mean at covariate means; pointwise CI; 5th-95th tau percentiles
age_ge_65,hippocampus_icv,1.32632,0.004855629974166256,0.004735182355549245,0.004976077592783267,0.004865009563463607,0.004782476369007646,0.004947542757919568,adjusted mean at covariate means; pointwise CI; 5th-95th tau percentiles
age_ge_65,hippocampus_icv,1.337176,0.0048390686807047115,0.004719770044626422,0.004958367316783001,0.004857002504980883,0.004775169480702775,0.004938835529258991,adjusted mean at covariate means; pointwise CI; 5th-95th tau percentiles
age_ge_65,hippocampus_icv,1.348032,0.004822452757714301,0.004704513779736332,0.004940391735692269,0.00484899544649816,0.004767789262676154,0.004930201630320165,adjusted mean at covariate means; pointwise CI; 5th-95th tau percentiles
age_ge_65,hippocampus_icv,1.3588879999999999,0.004805815268499441,0.004689337376031213,0.004922293160967669,0.004840988388015435,0.004760334005168613,0.004921642770862257,adjusted mean at covariate means; pointwise CI; 5th-95th tau percentiles
age_ge_65,hippocampus_icv,1.3697439999999999,0.00478918927636455,0.004674160414618851,0.00490421813811025,0.004832981329532712,0.004752802158877822,0.004913160500187602,adjusted mean at covariate means; pointwise CI; 5th-95th tau percentiles
age_ge_65,hippocampus_icv,1.3805999999999998,0.004772607844614047,0.004658902203862549,0.004886313485365545,0.004824974271049989,0.004745192355214091,0.004904756186885887,adjusted mean at covariate means; pointwise CI; 5th-95th tau percentiles
age_ge_65,hippocampus_icv,1.3914559999999998,0.004756104036552348,0.004643486560979685,0.00486872151212501,0.004816967212567264,0.004737503424996932,0.004896431000137596,adjusted mean at covariate means; pointwise CI; 5th-95th tau percentiles
age_ge_65,hippocampus_icv,1.4023119999999998,0.004739710915483873,0.004627847342159487,0.004851574488808259,0.004808960154084541,0.004729734415030649,0.004888185893138434,adjusted mean at covariate means; pointwise CI; 5th-95th tau percentiles
age_ge_65,hippocampus_icv,1.4131679999999998,0.0047234615447130385,0.004611934346196132,0.004834988743229945,0.004800953095601818,0.004721884602032736,0.0048800215891709004,adjusted mean at covariate means; pointwise CI; 5th-95th tau percentiles
age_ge_65,hippocampus_icv,1.4240239999999997,0.004707388987544265,0.0045957189118730245,0.004819059063215505,0.004792946037119094,0.004713953503453127,0.00487193857078506,adjusted mean at covariate means; pointwise CI; 5th-95th tau percentiles
age_ge_65,hippocampus_icv,1.4348799999999997,0.004691526307281969,0.004579198344345767,0.0048038542702181705,0.004784938978636371,0.004705940884813229,0.004863937072459512,adjusted mean at covariate means; pointwise CI; 5th-95th tau percentiles
age_ge_65,hippocampus_icv,1.4457359999999997,0.004675906567230568,0.004562398361480632,0.004789414772980503,0.004776931920153646,0.004697846763307075,0.004856017077000217,adjusted mean at covariate means; pointwise CI; 5th-95th tau percentiles
age_ge_65,hippocampus_icv,1.4565919999999997,0.004660562830694481,0.004545373084690607,0.004775752576698355,0.004768924861670923,0.004689671407536483,0.004848178315805363,adjusted mean at covariate means; pointwise CI; 5th-95th tau percentiles
age_ge_65,hippocampus_icv,1.4674479999999996,0.004645528160978126,0.0045282026113440165,0.004762853710612236,0.0047609178031882,0.004681415333389652,0.004840420272986748,adjusted mean at covariate means; pointwise CI; 5th-95th tau percentiles
age_ge_65,hippocampus_icv,1.4783039999999998,0.004630834022845038,0.004510986712420412,0.004750681333269663,0.004752910744705475,0.004673079296209696,0.004832742193201255,adjusted mean at covariate means; pointwise CI; 5th-95th tau percentiles
age_ge_65,hippocampus_icv,1.4891599999999998,0.004616491538311126,0.004493812740931842,0.00473917033569041,0.004744903686222752,0.004664664279527317,0.0048251430929181875,adjusted mean at covariate means; pointwise CI; 5th-95th tau percentiles
age_ge_65,hippocampus_icv,1.5000159999999998,0.004602497818058746,0.004476747925639607,0.004728247710477885,0.004736896627740029,0.0046561714807424985,0.00481762177473756,adjusted mean at covariate means; pointwise CI; 5th-95th tau percentiles
age_ge_65,hippocampus_icv,1.5108719999999998,0.004588849695957779,0.004459851563698477,0.0047178478282170816,0.0047288895692573045,0.004647602294227651,0.004810176844286958,adjusted mean at covariate means; pointwise CI; 5th-95th tau percentiles
age_ge_65,hippocampus_icv,1.5217279999999997,0.004575544005878108,0.004443175268299886,0.004707912743456329,0.0047208825107745815,0.004638958292384925,0.004802806729164238,adjusted mean at covariate means; pointwise CI; 5th-95th tau percentiles
age_ge_65,hippocampus_icv,1.5325839999999997,0.004562577581689613,0.004426763324840621,0.004698391838538605,0.004712875452291857,0.004630241205222002,0.004795509699361712,adjusted mean at covariate means; pointwise CI; 5th-95th tau percentiles
age_ge_65,hippocampus_icv,1.5434399999999997,0.004549947257262177,0.004410653283879122,0.004689241230645232,0.004704868393809134,0.004621452899014199,0.004788283888604069,adjusted mean at covariate means; pointwise CI; 5th-95th tau percentiles
age_ge_65,hippocampus_icv,1.5542959999999997,0.004537649866465683,0.004394876661645111,0.004680423071286256,0.004696861335326411,0.004612595354598708,0.004781127316054114,adjusted mean at covariate means; pointwise CI; 5th-95th tau percentiles
age_ge_65,hippocampus_icv,1.5651519999999997,0.0045256822431700115,0.004379459662215999,0.004671904824124024,0.004688854276843686,0.004603670645803705,0.004774037907883668,adjusted mean at covariate means; pointwise CI; 5th-95th tau percentiles
age_ge_65,hippocampus_icv,1.5760079999999996,0.004514041221245045,0.004364423869399968,0.004663658573090122,0.004680847218360963,0.004594680918455805,0.0047670135182661215,adjusted mean at covariate means; pointwise CI; 5th-95th tau percentiles
age_ge_65,hippocampus_icv,1.5868639999999998,0.0045027236345606654,0.004349786880499426,0.0046556603886219045,0.004672840159878238,0.004585628370339369,0.004760051949417108,adjusted mean at covariate means; pointwise CI; 5th-95th tau percentiles
age_ge_65,hippocampus_icv,1.5977199999999998,0.004491726316986754,0.00433556287004945,0.004647889763924058,0.004664833101395515,0.004576515232406085,0.004753150970384946,adjusted mean at covariate means; pointwise CI; 5th-95th tau percentiles
age_ge_65,hippocampus_icv,1.6085759999999998,0.004481046102393195,0.004321763081409476,0.004640329123376915,0.0046568260429127924,0.004567343751457261,0.004746308334368324,adjusted mean at covariate means; pointwise CI; 5th-95th tau percentiles
age_ge_65,hippocampus_icv,1.6194319999999998,0.004470679824649869,0.004308396249623765,0.004632963399675973,0.004648818984430068,0.004558116174448969,0.004739521794411166,adjusted mean at covariate means; pointwise CI; 5th-95th tau percentiles
age_ge_65,hippocampus_icv,1.6302879999999997,0.004460624317626659,0.004295468961737212,0.004625779673516107,0.004640811925947345,0.004548834734503826,0.004732789117390864,adjusted mean at covariate means; pointwise CI; 5th-95th tau percentiles
age_ge_65,hippocampus_icv,1.6411439999999997,0.004450876415193446,0.004282985961818229,0.004618766868568663,0.004632804867464622,0.004539501638655301,0.0047261080962739425,adjusted mean at covariate means; pointwise CI; 5th-95th tau percentiles
age_ge_65,hippocampus_icv,1.6519999999999997,0.00444143295122011,0.004270950408015542,0.004611915494424678,0.004624797808981897,0.004530119057301874,0.00471947656066192,adjusted mean at covariate means; pointwise CI; 5th-95th tau percentiles
age_ge_65,hippocampus_icv,1.6628559999999997,0.004432290759576537,0.00425936408852077,0.004605217430632304,0.004616790750499174,0.004520689115309308,0.00471289238568904,adjusted mean at covariate means; pointwise CI; 5th-95th tau percentiles
age_ge_65,hippocampus_icv,1.6737119999999996,0.0044234466741326075,0.004248227602607493,0.004598665745657722,0.004608783692016451,0.004511213884669705,0.004706353499363197,adjusted mean at covariate means; pointwise CI; 5th-95th tau percentiles
age_ge_65,hippocampus_icv,1.6845679999999996,0.004414897528758201,0.0042375405121369515,0.004592254545379451,0.004600776633533726,0.004501695378605095,0.0046998578884623575,adjusted mean at covariate means; pointwise CI; 5th-95th tau percentiles
age_ge_65,hippocampus_icv,1.6954239999999996,0.004406640157323203,0.004227301468152999,0.004585978846493407,0.004592769575051003,0.004492135546989818,0.004693403603112188,adjusted mean at covariate means; pointwise CI; 5th-95th tau percentiles
age_ge_65,hippocampus_icv,1.7062799999999996,0.0043986713936974954,0.004217508316481523,0.004579834470913468,0.004584762516568279,0.004482536272959102,0.004686988760177455,adjusted mean at covariate means; pointwise CI; 5th-95th tau percentiles
age_ge_65,hippocampus_icv,1.7171359999999996,0.004390988071750958,0.0042081581856220525,0.004573817957879863,0.004576755458085556,0.0044728993705696945,0.004680611545601417,adjusted mean at covariate means; pointwise CI; 5th-95th tau percentiles
age_ge_65,hippocampus_icv,1.7279919999999995,0.004383587025353472,0.004199247559675973,0.004567926491030972,0.004568748399602833,0.004463226583380795,0.0046742702158248705,adjusted mean at covariate means; pointwise CI; 5th-95th tau percentiles
age_ge_65,hippocampus_icv,1.7388479999999995,0.004376465088374923,0.004190772338593185,0.004562157838156661,0.004560741341120108,0.004453519583829299,0.004667963098410917,adjusted mean at covariate means; pointwise CI; 5th-95th tau percentiles
age_ge_65,hippocampus_icv,1.7497039999999995,0.004369619094685192,0.0041827278876294584,0.004556510301740925,0.004552734282637385,0.004443779973281137,0.004661688591993633,adjusted mean at covariate means; pointwise CI; 5th-95th tau percentiles
age_ge_65,hippocampus_icv,1.7605599999999995,0.004363045878154159,0.00417510907758139,0.004550982678726928,0.004544727224154662,0.004434009282649681,0.004655445165659643,adjusted mean at covariate means; pointwise CI; 5th-95th tau percentiles
age_ge_65,hippocampus_icv,1.7714159999999997,0.004356742272651707,0.004167910317095647,0.004545574228207767,0.004536720165671937,0.004424208973482269,0.004649231357861605,adjusted mean at covariate means; pointwise CI; 5th-95th tau percentiles
age_ge_65,hippocampus_icv,1.7822719999999996,0.004350705112047718,0.004161125578126046,0.00454028464596939,0.004528713107189214,0.004414380439426162,0.004643045774952267,adjusted mean at covariate means; pointwise CI; 5th-95th tau percentiles
age_ge_65,hippocampus_icv,1.7931279999999996,0.004344931230212075,0.0041547484154285655,0.004535114044995584,0.0045207060487064896,0.004404525007995329,0.0046368870894176505,adjusted mean at covariate means; pointwise CI; 5th-95th tau percentiles
age_ge_65,hippocampus_icv,1.8039839999999996,0.0043394174610146595,0.004148771980834593,0.004530062941194726,0.004512698990223767,0.0043946439425693925,0.004630754037878141,adjusted mean at covariate means; pointwise CI; 5th-95th tau percentiles
age_ge_65,hippocampus_icv,1.8148399999999996,0.004334160638325353,0.004143189032921367,0.004525132243729338,0.004504691931741044,0.004384738444565135,0.0046246454189169525,adjusted mean at covariate means; pointwise CI; 5th-95th tau percentiles
age_ge_65,hippocampus_icv,1.8256959999999995,0.004329157596014037,0.0041379919426016865,0.004520323249426387,0.004496684873258319,0.004374809655729565,0.004618560090787073,adjusted mean at covariate means; pointwise CI; 5th-95th tau percentiles
age_ge_65,hippocampus_icv,1.8365519999999995,0.004324405167950595,0.004133172695079168,0.0045156376408220225,0.004488677814775596,0.004364858660511252,0.00461249696903994,adjusted mean at covariate means; pointwise CI; 5th-95th tau percentiles
age_ge_65,hippocampus_icv,1.8474079999999997,0.004319900188004908,0.0041287228885583385,0.004511077487451478,0.004480670756292871,0.004354886488473601,0.004606455024112142,adjusted mean at covariate means; pointwise CI; 5th-95th tau percentiles
age_ge_65,hippocampus_icv,1.8582639999999997,0.004315639490046858,0.004124633730058738,0.004506645250034977,0.004472663697810148,0.004344894116719973,0.004600433278900323,adjusted mean at covariate means; pointwise CI; 5th-95th tau percentiles
age_ge_65,hippocampus_icv,1.8691199999999997,0.004311619907946328,0.004120896028657909,0.004502343787234748,0.004464656639327425,0.004334882472305928,0.004594430806348923,adjusted mean at covariate means; pointwise CI; 5th-95th tau percentiles
age_ge_65,hippocampus_icv,1.8799759999999996,0.004307838275573198,0.004117500186478867,0.00449817636466753,0.0044566495808447005,0.004324852434618676,0.004588446727070725,adjusted mean at covariate means; pointwise CI; 5th-95th tau percentiles
age_ge_65,hippocampus_icv,1.8908319999999996,0.004304291426797353,0.0041144361877433954,0.00449414666585131,0.0044486425223619775,0.004314804837707911,0.004582480207016044,adjusted mean at covariate means; pointwise CI; 5th-95th tau percentiles
age_ge_65,hippocampus_icv,1.9016879999999996,0.004300976195488671,0.004111693586232897,0.004490258804744445,0.0044406354638792545,0.004304740472555681,0.004576530455202828,adjusted mean at covariate means; pointwise CI; 5th-95th tau percentiles
age_ge_65,hippocampus_icv,1.9125439999999996,0.004297889415517038,0.004109261491534491,0.004486517339499585,0.00443262840539653,0.004294660089275968,0.004570596721517091,adjusted mean at covariate means; pointwise CI; 5th-95th tau percentiles
age_ge_65,hippocampus_icv,1.9233999999999996,0.004295027920752335,0.004107128554501454,0.004482927287003217,0.004424621346913807,0.004284564399237197,0.004564678294590416,adjusted mean at covariate means; pointwise CI; 5th-95th tau percentiles
age_ge_65,hippocampus_icv,1.9342559999999995,0.004292388545064442,0.004105282952424744,0.004479494137704139,0.004416614288431082,0.004274454077102913,0.004558774499759251,adjusted mean at covariate means; pointwise CI; 5th-95th tau percentiles
age_ge_65,hippocampus_icv,1.9451119999999995,0.004289968122323243,0.004103712374496172,0.0044762238701503134,0.004408607229948359,0.004264329762787727,0.004552884697108991,adjusted mean at covariate means; pointwise CI; 5th-95th tau percentiles
age_ge_65,hippocampus_icv,1.9559679999999995,0.004287763486398618,0.004102404008243488,0.004473122964553749,0.004400600171465636,0.0042541920633269795,0.004547008279604293,adjusted mean at covariate means; pointwise CI; 5th-95th tau percentiles
age_ge_65,hippocampus_icv,1.9668239999999995,0.004285771471160452,0.004101344527732219,0.0044701984145886844,0.004392593112982911,0.004244041554659782,0.004541144671306041,adjusted mean at covariate means; pointwise CI; 5th-95th tau percentiles
age_ge_65,hippocampus_icv,1.9776799999999994,0.004283988910478624,0.004100520084455954,0.004467457736501293,0.004384586054500188,0.004233878783326048,0.004535293325674329,adjusted mean at covariate means; pointwise CI; 5th-95th tau percentiles
age_ge_65,hippocampus_icv,1.9885359999999994,0.004282412638223019,0.004099916301972145,0.004464908974473893,0.0043765789960174654,0.004223704268078811,0.00452945372395612,adjusted mean at covariate means; pointwise CI; 5th-95th tau percentiles
age_ge_65,hippocampus_icv,1.9993919999999994,0.004281039488263517,0.004099518275478151,0.004462560701048883,0.004368571937534741,0.004213518501413784,0.004523625373655697,adjusted mean at covariate means; pointwise CI; 5th-95th tau percentiles
age_ge_65,hippocampus_icv,2.0102479999999994,0.004279866294469999,0.004099310577653496,0.004460422011286502,0.004360564879052018,0.004203321951018514,0.004517807807085521,adjusted mean at covariate means; pointwise CI; 5th-95th tau percentiles
age_ge_65,hippocampus_icv,2.0211039999999993,0.004278889890712349,0.004099277272207357,0.004458502509217341,0.004352557820569293,0.004193115061143788,0.004512000579994798,adjusted mean at covariate means; pointwise CI; 5th-95th tau percentiles
age_ge_65,hippocampus_icv,2.0319599999999993,0.004278107110860447,0.00409940193664999,0.0044568122850709045,0.00434455076208657,0.004182898253900258,0.0045062032702728825,adjusted mean at covariate means; pointwise CI; 5th-95th tau percentiles
age_ge_65,hippocampus_icv,2.0428159999999993,0.004277514788784179,0.004099667695835092,0.004455361881733266,0.004336543703603847,0.004172671930483313,0.004500415476724381,adjusted mean at covariate means; pointwise CI; 5th-95th tau percentiles
age_ge_65,hippocampus_icv,2.0536719999999997,0.004277109758353423,0.004100057267775541,0.004454162248931305,0.004328536645121122,0.004162436472329381,0.004494636817912864,adjusted mean at covariate means; pointwise CI; 5th-95th tau percentiles
age_ge_65,hippocampus_icv,2.0645279999999993,0.004276888853438062,0.004100553023095673,0.004453224683780451,0.004320529586638399,0.0041521922422068655,0.004488866931069933,adjusted mean at covariate means; pointwise CI; 5th-95th tau percentiles
age_ge_65,hippocampus_icv,2.0753839999999997,0.0042768489079079795,0.004101137059226761,0.004452560756589198,0.004312522528155675,0.004141939585244868,0.004483105471066481,adjusted mean at covariate means; pointwise CI; 5th-95th tau percentiles
age_ge_65,hippocampus_icv,2.086239999999999,0.004276986755633056,0.004101791290060834,0.004452182221205278,0.004304515469672952,0.0041316788299029135,0.00447735210944299,adjusted mean at covariate means; pointwise CI; 5th-95th tau percentiles
age_ge_65,hippocampus_icv,2.0970959999999996,0.004277299230483174,0.004102497551239964,0.004452100909726384,0.004296508411190229,0.004121410288884703,0.004471606533495754,adjusted mean at covariate means; pointwise CI; 5th-95th tau percentiles
age_ge_65,hippocampus_icv,2.107951999999999,0.004277783166328215,0.004103237720574528,0.004452328612081903,0.004288501352707504,0.004111134259998965,0.004465868445416043,adjusted mean at covariate means; pointwise CI; 5th-95th tau percentiles
age_ge_65,hippocampus_icv,2.1188079999999996,0.004278435397038061,0.00410399385227122,0.004452876941804902,0.004280494294224781,0.004100851026970273,0.004460137561479289,adjusted mean at covariate means; pointwise CI; 5th-95th tau percentiles
age_ge_65,hippocampus_icv,2.129663999999999,0.004279252756482596,0.00410474832274591,0.004453757190219282,0.004272487235742058,0.0040905608602026505,0.0044544136112814655,adjusted mean at covariate means; pointwise CI; 5th-95th tau percentiles
age_ge_65,hippocampus_icv,2.1405199999999995,0.0042802320785316995,0.00410548398485462,0.004454980172208779,0.004264480177259333,0.004080264017498652,0.004448696337020015,adjusted mean at covariate means; pointwise CI; 5th-95th tau percentiles
age_ge_65,hippocampus_icv,2.1513759999999995,0.004281370197055254,0.00410618432647437,0.0044565560676361375,0.00425647311877661,0.004069960744736506,0.0044429854928167145,adjusted mean at covariate means; pointwise CI; 5th-95th tau percentiles
age_ge_65,hippocampus_icv,2.1622319999999995,0.004282663945923143,0.004106833628594229,0.004458494263252057,0.0042484660602938856,0.004059651276507723,0.004437280844080048,adjusted mean at covariate means; pointwise CI; 5th-95th tau percentiles
age_ge_65,hippocampus_icv,2.1730879999999995,0.004284110159005247,0.004107417117530062,0.004460803200480432,0.004240459001811163,0.004049335836717575,0.00443158216690475,adjusted mean at covariate means; pointwise CI; 5th-95th tau percentiles
age_ge_65,hippocampus_icv,2.1839439999999994,0.004285705670171448,0.004107921105639837,0.004463490234703059,0.00423245194332844,0.004039014639150569,0.00442588924750631,adjusted mean at covariate means; pointwise CI; 5th-95th tau percentiles
age_ge_65,hippocampus_icv,2.1947999999999994,0.004287447313291629,0.004108333115052629,0.0044665615115306295,0.004224444884845715,0.004028687888003074,0.0044202018816883555,adjusted mean at covariate means; pointwise CI; 5th-95th tau percentiles
age_ge_65,cdrsb,1.10775,0.4199267688760413,0.0931662179163596,0.746687319835723,0.6519567570106091,0.3715191315401742,0.9323943824810439,adjusted mean at covariate means; pointwise CI; 5th-95th tau percentiles
age_ge_65,cdrsb,1.119255,0.46693973443386927,0.17039647730811014,0.7634829915596284,0.6927068256778437,0.41849332161269276,0.9669203297429947,adjusted mean at covariate means; pointwise CI; 5th-95th tau percentiles
age_ge_65,cdrsb,1.13076,0.5142632748001912,0.24320598473877436,0.785320564861608,0.7334568943450765,0.465260115014378,1.001653673675775,adjusted mean at covariate means; pointwise CI; 5th-95th tau percentiles
age_ge_65,cdrsb,1.142265,0.5619252498102716,0.31096087719871435,0.8128896224218288,0.7742069630123103,0.5118052448881536,1.036608681136467,adjusted mean at covariate means; pointwise CI; 5th-95th tau percentiles
age_ge_65,cdrsb,1.15377,0.6099535192993715,0.3732018444885239,0.846705194110219,0.8149570316795423,0.558113706858477,1.0718003565006073,adjusted mean at covariate means; pointwise CI; 5th-95th tau percentiles
age_ge_65,cdrsb,1.165275,0.6583759431027572,0.4298266995933777,0.8869251866121366,0.855707100346776,0.6041698109933888,1.1072443897001631,adjusted mean at covariate means; pointwise CI; 5th-95th tau percentiles
age_ge_65,cdrsb,1.17678,0.7072203810556896,0.48122231472953036,0.9332184473818489,0.8964571690140088,0.6499572603632413,1.1429570776647764,adjusted mean at covariate means; pointwise CI; 5th-95th tau percentiles
age_ge_65,cdrsb,1.188285,0.756514692993437,0.5282502808972039,0.98477910508967,0.9372072376812426,0.6954592602462576,1.1789552151162275,adjusted mean at covariate means; pointwise CI; 5th-95th tau percentiles
age_ge_65,cdrsb,1.1997900000000001,0.8062867387512576,0.5720798789665806,1.0404935985359345,0.9779573063484763,0.740658661551558,1.2152559511453946,adjusted mean at covariate means; pointwise CI; 5th-95th tau percentiles
age_ge_65,cdrsb,1.211295,0.8565643781644159,0.6139656875895256,1.0991630687393061,1.0187073750157092,0.7855381410879022,1.251876608943516,adjusted mean at covariate means; pointwise CI; 5th-95th tau percentiles
age_ge_65,cdrsb,1.2228,0.9073754710681792,0.655074996918639,1.1596759452177192,1.059457443682942,0.8300804198161496,1.2888344675497345,adjusted mean at covariate means; pointwise CI; 5th-95th tau percentiles
age_ge_65,cdrsb,1.234305,0.9587478772978066,0.6964023267701263,1.221093427825487,1.1002075123501758,0.874268518139405,1.3261465065609466,adjusted mean at covariate means; pointwise CI; 5th-95th tau percentiles
age_ge_65,cdrsb,1.24581,1.0107094566885646,0.7387516355309276,1.2826672778462016,1.1409575810174086,0.9180860446305467,1.3638291174042707,adjusted mean at covariate means; pointwise CI; 5th-95th tau percentiles
age_ge_65,cdrsb,1.257315,1.063288069075715,0.7827525807386521,1.3438235574127777,1.1817076496846415,0.9615175114917955,1.4018977878774874,adjusted mean at covariate means; pointwise CI; 5th-95th tau percentiles
age_ge_65,cdrsb,1.26882,1.1165051432262043,0.828860901351361,1.4041493851010476,1.2224577183518752,1.0045486667206744,1.440366769983076,adjusted mean at covariate means; pointwise CI; 5th-95th tau percentiles
age_ge_65,cdrsb,1.280325,1.1703291332134835,0.8771959507785143,1.4634623156484527,1.263207787019108,1.0471668297732326,1.4792487442649835,adjusted mean at covariate means; pointwise CI; 5th-95th tau percentiles
age_ge_65,cdrsb,1.29183,1.2247024379707492,0.9276677905195145,1.5217370854219838,1.3039578556863418,1.0893612149109182,1.5185544964617654,adjusted mean at covariate means; pointwise CI; 5th-95th tau percentiles
age_ge_65,cdrsb,1.3033350000000001,1.2795672750007183,0.9801059154554737,1.579028634545963,1.3447079243535747,1.131123224864215,1.5582926238429344,adjusted mean at covariate means; pointwise CI; 5th-95th tau percentiles
age_ge_65,cdrsb,1.31484,1.334865861806115,1.0342797181300796,1.6354520054821506,1.3854579930208075,1.1724466973595156,1.5984692886820995,adjusted mean at covariate means; pointwise CI; 5th-95th tau percentiles
age_ge_65,cdrsb,1.326345,1.3905404158896584,1.0899119285349705,1.6911689032443462,1.4262080616880413,1.2133280886935773,1.6390880346825052,adjusted mean at covariate means; pointwise CI; 5th-95th tau percentiles
age_ge_65,cdrsb,1.33785,1.446533154754067,1.146688461856965,1.7463778476511689,1.4669581303552741,1.2537665819195425,1.6801496787910057,adjusted mean at covariate means; pointwise CI; 5th-95th tau percentiles
age_ge_65,cdrsb,1.349355,1.5027862959020641,1.2042666665089499,1.8013059252951784,1.5077081990225079,1.2937641120600325,1.7216522859849832,adjusted mean at covariate means; pointwise CI; 5th-95th tau percentiles
age_ge_65,cdrsb,1.3608600000000002,1.5592420568363679,1.2622835117754954,1.8562006018972403,1.5484582676897416,1.3333253065529926,1.7635912288264906,adjusted mean at covariate means; pointwise CI; 5th-95th tau percentiles
age_ge_65,cdrsb,1.372365,1.6158426550596978,1.3203649194169262,1.9113203907024694,1.5892083363569736,1.3724573451523048,1.8059593275616423,adjusted mean at covariate means; pointwise CI; 5th-95th tau percentiles
age_ge_65,cdrsb,1.3838700000000002,1.6725303080747782,1.3781370739226648,1.9669235422268916,1.6299584050242082,1.4111697489918946,1.8487470610565218,adjusted mean at covariate means; pointwise CI; 5th-95th tau percentiles
age_ge_65,cdrsb,1.395375,1.7292472333843243,1.4352400158307876,2.023254450937861,1.6707084736914402,1.4494741128246766,1.8919428345582037,adjusted mean at covariate means; pointwise CI; 5th-95th tau percentiles
age_ge_65,cdrsb,1.4068800000000001,1.7859356484910602,1.4913430780504855,2.0805282189316348,1.711458542358674,1.4873837971344475,1.9355332875829003,adjusted mean at covariate means; pointwise CI; 5th-95th tau percentiles
age_ge_65,cdrsb,1.4183850000000002,1.8425377708977067,1.5461608496289987,2.1389146921664146,1.7522086110259076,1.5249135977370971,1.9795036243147182,adjusted mean at covariate means; pointwise CI; 5th-95th tau percentiles
age_ge_65,cdrsb,1.42989,1.8989958181069797,1.599467597785155,2.1985240384288045,1.7929586796931405,1.5620794097616515,2.0238379496246295,adjusted mean at covariate means; pointwise CI; 5th-95th tau percentiles
age_ge_65,cdrsb,1.441395,1.9552520076216036,1.6511077992969685,2.259396215946239,1.8337087483603733,1.5988979008645365,2.06851959585621,adjusted mean at covariate means; pointwise CI; 5th-95th tau percentiles
age_ge_65,cdrsb,1.4529,2.011248556944297,1.7010008831076187,2.3214962307809754,1.874458817027607,1.635386205633476,2.113531428421738,adjusted mean at covariate means; pointwise CI; 5th-95th tau percentiles
age_ge_65,cdrsb,1.4644050000000002,2.0669276835777817,1.7491394155892457,2.3847159515663177,1.9152088856948408,1.6715616498488615,2.15885612154082,adjusted mean at covariate means; pointwise CI; 5th-95th tau percentiles
age_ge_65,cdrsb,1.47591,2.1222316050247754,1.7955813636627653,2.4488818463867856,1.9559589543620737,1.7074415100016407,2.2044763987225067,adjusted mean at covariate means; pointwise CI; 5th-95th tau percentiles
age_ge_65,cdrsb,1.4874150000000002,2.1771025387880014,1.840438199582524,2.5137668779934788,1.9967090230293065,1.7430428105236309,2.250375235534982,adjusted mean at covariate means; pointwise CI; 5th-95th tau percentiles
age_ge_65,cdrsb,1.49892,2.2314864108996177,1.8838622945581267,2.579110527241109,2.0374590916965394,1.7783821587557846,2.296536024637294,adjusted mean at covariate means; pointwise CI; 5th-95th tau percentiles
age_ge_65,cdrsb,1.5104250000000001,2.285365195312016,1.9260353734406694,2.6446950171833628,2.078209160363773,1.8134756158393162,2.3429427048882303,adjusted mean at covariate means; pointwise CI; 5th-95th tau percentiles
age_ge_65,cdrsb,1.5219300000000002,2.338741155995507,1.9671304196274955,2.7103518923635184,2.118959229031007,1.8483386004557725,2.3895798576062415,adjusted mean at covariate means; pointwise CI; 5th-95th tau percentiles
age_ge_65,cdrsb,1.533435,2.3916167837144373,2.0072978123804495,2.775935755048425,2.1597092976982397,1.8829858215999749,2.4364327737965046,adjusted mean at covariate means; pointwise CI; 5th-95th tau percentiles
age_ge_65,cdrsb,1.5449400000000002,2.443994569233152,2.046666869406019,2.8413222690602855,2.2004593663654726,1.9174312362496841,2.4834874964812608,adjusted mean at covariate means; pointwise CI; 5th-95th tau percentiles
age_ge_65,cdrsb,1.556445,2.4958770033159956,2.0853480027890487,2.9064060038429425,2.2412094350327063,1.9516880277944002,2.530730842271012,adjusted mean at covariate means; pointwise CI; 5th-95th tau percentiles
age_ge_65,cdrsb,1.5679500000000002,2.547266576727318,2.1234350194446607,2.971098134009975,2.281959503699939,1.9857686013056544,2.578150406094224,adjusted mean at covariate means; pointwise CI; 5th-95th tau percentiles
age_ge_65,cdrsb,1.5794550000000003,2.5981657802314615,2.1610073532151053,3.0353242072478177,2.322709572367173,2.0196845920891255,2.6257345526452203,adjusted mean at covariate means; pointwise CI; 5th-95th tau percentiles
age_ge_65,cdrsb,1.5909600000000002,2.648577104592773,2.198132115100215,3.0990220940853312,2.3634596410344058,2.0534468843882316,2.67347239768058,adjusted mean at covariate means; pointwise CI; 5th-95th tau percentiles
age_ge_65,cdrsb,1.602465,2.6985030405756003,2.2348659127058776,3.162140168445323,2.4042097097016377,2.087065637561406,2.7213537818418696,adjusted mean at covariate means; pointwise CI; 5th-95th tau percentiles
age_ge_65,cdrsb,1.6139700000000001,2.747946078944288,2.271256428900813,3.2246357289877636,2.4449597783688723,2.1205503174965075,2.7693692392412372,adjusted mean at covariate means; pointwise CI; 5th-95th tau percentiles
age_ge_65,cdrsb,1.6254750000000002,2.7969087104631845,2.3073437711500917,3.286473649776277,2.485709847036105,2.153909731435184,2.8175099626370264,adjusted mean at covariate means; pointwise CI; 5th-95th tau percentiles
age_ge_65,cdrsb,1.63698,2.845393425896633,2.343161613396699,3.3476252383965672,2.526459915703339,2.187152064745609,2.865767766661069,adjusted mean at covariate means; pointwise CI; 5th-95th tau percentiles
age_ge_65,cdrsb,1.6484850000000002,2.8934027160089784,2.3787381561321155,3.4080672758858412,2.567209984370572,2.2202849184992806,2.914135050241863,adjusted mean at covariate means; pointwise CI; 5th-95th tau percentiles
age_ge_65,cdrsb,1.65999,2.9409390715645713,2.414096930347445,3.4677812127816976,2.6079600530378038,2.2533153469761924,2.962604759099415,adjusted mean at covariate means; pointwise CI; 5th-95th tau percentiles
age_ge_65,cdrsb,1.6714950000000002,2.9880049833277553,2.449257469205141,3.5267524974503695,2.6487101217050384,2.2862498944459206,3.011170348964156,adjusted mean at covariate means; pointwise CI; 5th-95th tau percentiles
age_ge_65,cdrsb,1.6830000000000003,3.034602942062877,2.4842358685999417,3.5849700155258124,2.689460190372272,2.3190946307539164,3.059825749990628,adjusted mean at covariate means; pointwise CI; 5th-95th tau percentiles
age_ge_65,cdrsb,1.6945050000000001,3.0807354385342816,2.5190452548979727,3.6424256221705904,2.730210259039505,2.351855185388335,3.108565332690675,adjusted mean at covariate means; pointwise CI; 5th-95th tau percentiles
age_ge_65,cdrsb,1.70601,3.126404963506313,2.553696175378181,3.699113751634445,2.770960327706737,2.384536779817601,3.157383875595873,adjusted mean at covariate means; pointwise CI; 5th-95th tau percentiles
age_ge_65,cdrsb,1.7175150000000001,3.1716140077433224,2.588196924401818,3.7550310910848266,2.8117103963739707,2.417144257978455,3.2062765347694864,adjusted mean at covariate means; pointwise CI; 5th-95th tau percentiles
age_ge_65,cdrsb,1.7290200000000002,3.216365062009654,2.622553816158089,3.810176307861219,2.8524604650412053,2.44968211486216,3.2552388152202507,adjusted mean at covariate means; pointwise CI; 5th-95th tau percentiles
age_ge_65,cdrsb,1.7405250000000003,3.260660617069653,2.656771412978996,3.8645498211603098,2.893210533708438,2.482154523197663,3.3042665442192134,adjusted mean at covariate means; pointwise CI; 5th-95th tau percentiles
age_ge_65,cdrsb,1.7520300000000002,3.3045031636876647,2.690852716659733,3.9181536107155965,2.933960602375671,2.514565358267446,3.353355846483896,adjusted mean at covariate means; pointwise CI; 5th-95th tau percentiles
age_ge_65,cdrsb,1.763535,3.3478951926280356,2.724799328927962,3.970991056328109,2.974710671042904,2.546918220918269,3.402503121167539,adjusted mean at covariate means; pointwise CI; 5th-95th tau percentiles
age_ge_65,cdrsb,1.7750400000000002,3.390839194655115,2.7586115861383655,4.023066803171864,3.0154607397101367,2.5792164588465814,3.451705020573692,adjusted mean at covariate means; pointwise CI; 5th-95th tau percentiles
age_ge_65,cdrsb,1.7865450000000003,3.433337660533245,2.792288672392636,4.074386648673854,3.0562108083773714,2.6114631862497655,3.5009584305049772,adjusted mean at covariate means; pointwise CI; 5th-95th tau percentiles
age_ge_65,cdrsb,1.7980500000000001,3.4753930810267715,2.8258287145673933,4.12495744748615,3.0969608770446033,2.6436613019404125,3.550260452148794,adjusted mean at covariate means; pointwise CI; 5th-95th tau percentiles
age_ge_65,cdrsb,1.8095550000000002,3.517007946900045,2.859228862145973,4.174787031654117,3.137710945711838,2.6758135060235455,3.5996083854001304,adjusted mean at covariate means; pointwise CI; 5th-95th tau percentiles
age_ge_65,cdrsb,1.8210600000000001,3.558184748917406,2.8924853542711393,4.223884143563673,3.17846101437907,2.7079223152362264,3.6489997135219134,adjusted mean at covariate means; pointwise CI; 5th-95th tau percentiles
age_ge_65,cdrsb,1.8325650000000002,3.5989259778432032,2.9255935760452147,4.272258379641192,3.2192110830463028,2.739990077047029,3.6984320890455766,adjusted mean at covariate means; pointwise CI; 5th-95th tau percentiles
age_ge_65,cdrsb,1.8440700000000003,3.6392341244417867,2.9585481057856615,4.319920143097912,3.2599611517135374,2.772018982609088,3.747903320817987,adjusted mean at covariate means; pointwise CI; 5th-95th tau percentiles
age_ge_65,cdrsb,1.8555750000000002,3.6791116794774936,2.991342754684858,4.366880604270129,3.3007112203807694,2.8040110786561754,3.7974113621053633,adjusted mean at covariate means; pointwise CI; 5th-95th tau percentiles
age_ge_65,cdrsb,1.86708,3.718561133714678,3.0239706001118996,4.413151667317456,3.341461289048003,2.8359682784261078,3.8469542996698984,adjusted mean at covariate means; pointwise CI; 5th-95th tau percentiles
age_ge_65,cdrsb,1.8785850000000002,3.7575849779176833,3.0564240136226775,4.458745942212689,3.382211357715236,2.8678923716905866,3.8965303437398853,adjusted mean at covariate means; pointwise CI; 5th-95th tau percentiles
age_ge_65,cdrsb,1.8900900000000003,3.7961857028508534,3.0886946846057133,4.503676721095994,3.4229614263824697,2.8997850339652085,3.946137818799731,adjusted mean at covariate means; pointwise CI; 5th-95th tau percentiles
age_ge_65,cdrsb,1.9015950000000004,3.8343657992785376,3.120773640378731,4.547957958178344,3.4637114950497034,2.931647834968003,3.995775155131404,adjusted mean at covariate means; pointwise CI; 5th-95th tau percentiles
age_ge_65,cdrsb,1.9131000000000002,3.872127757965079,3.1526512634603874,4.591604252469771,3.5044615637169354,2.9634822463897303,4.045440881044141,adjusted mean at covariate means; pointwise CI; 5th-95th tau percentiles
age_ge_65,cdrsb,1.9246050000000001,3.9094740696748254,3.1843173066688975,4.634630832680753,3.545211632384169,2.9952896490342007,4.095133615734137,adjusted mean at covariate means; pointwise CI; 5th-95th tau percentiles
age_ge_65,cdrsb,1.9361100000000002,3.9464072251721243,3.215760906641016,4.677053543703233,3.585961701051402,3.0270713393821422,4.144852062720662,adjusted mean at covariate means; pointwise CI; 5th-95th tau percentiles
age_ge_65,cdrsb,1.9476150000000003,3.98292971522132,3.246970596318393,4.718888834124247,3.6267117697186357,3.058828535627763,4.194595003809509,adjusted mean at covariate means; pointwise CI; 5th-95th tau percentiles
age_ge_65,cdrsb,1.9591200000000002,4.019044030586758,3.2779343169112014,4.760153744262315,3.6674618383858686,3.0905623832329776,4.244361293538759,adjusted mean at covariate means; pointwise CI; 5th-95th tau percentiles
age_ge_65,cdrsb,1.9706250000000003,4.054752662032786,3.3086394298190296,4.800865894246542,3.7082119070531023,3.1222739600404754,4.294149854065729,adjusted mean at covariate means; pointwise CI; 5th-95th tau percentiles
age_ge_65,cdrsb,1.9821300000000002,4.0900581003237475,3.339072728964627,4.841043471682868,3.748961975720335,3.1539642809831836,4.343959670457487,adjusted mean at covariate means; pointwise CI; 5th-95th tau percentiles
age_ge_65,cdrsb,1.9936350000000003,4.124962836223991,3.369220453975348,4.8807052184726345,3.789712044387569,3.1856343024245364,4.3937897863506015,adjusted mean at covariate means; pointwise CI; 5th-95th tau percentiles
age_ge_65,cdrsb,2.0051400000000004,4.159469360497863,3.3990683046286647,4.919870416367062,3.8304621130548018,3.2172849261607794,4.443639299948824,adjusted mean at covariate means; pointwise CI; 5th-95th tau percentiles
age_ge_65,cdrsb,2.0166450000000005,4.193580163909708,3.4286014569603664,4.95855887085905,3.8712121817220364,3.248917003113961,4.493507360330112,adjusted mean at covariate means; pointwise CI; 5th-95th tau percentiles
age_ge_65,cdrsb,2.02815,4.2272977372238705,3.4578045814157576,4.996790893031983,3.9119622503892684,3.280531336741604,4.543393164036933,adjusted mean at covariate means; pointwise CI; 5th-95th tau percentiles
age_ge_65,cdrsb,2.039655,4.260624571204701,3.4866618634039304,5.034587279005472,3.9527123190565012,3.312128686186855,4.593295951926147,adjusted mean at covariate means; pointwise CI; 5th-95th tau percentiles
age_ge_65,cdrsb,2.0511600000000003,4.293563156616543,3.5151570265919196,5.071969286641165,3.993462387723735,3.343709769190727,4.643215006256742,adjusted mean at covariate means; pointwise CI; 5th-95th tau percentiles
age_ge_65,cdrsb,2.0626650000000004,4.326115984223743,3.5432733592480665,5.10895860919942,4.034212456390968,3.375275264786177,4.693149647995758,adjusted mean at covariate means; pointwise CI; 5th-95th tau percentiles
age_ge_65,cdrsb,2.0741700000000005,4.358285544790647,3.5709937439111603,5.145577345670134,4.0749625250582024,3.406825815792056,4.743099234324348,adjusted mean at covariate means; pointwise CI; 5th-95th tau percentiles
age_ge_65,cdrsb,2.085675,4.390074329081599,3.59830069062315,5.1818479675400475,4.115712593725434,3.438362031123275,4.793063156327594,adjusted mean at covariate means; pointwise CI; 5th-95th tau percentiles
age_ge_65,cdrsb,2.0971800000000003,4.421484827860948,3.6251763739176015,5.217793281804295,4.156462662392668,3.469884487932245,4.843040836853092,adjusted mean at covariate means; pointwise CI; 5th-95th tau percentiles
age_ge_65,cdrsb,2.1086850000000004,4.452519531893039,3.6516026737031657,5.2534363900829115,4.197212731059901,3.5013937335951626,4.893031728524639,adjusted mean at covariate means; pointwise CI; 5th-95th tau percentiles
age_ge_65,cdrsb,2.12019,4.483180931942217,3.677561220121068,5.2888006437633654,4.237962799727133,3.5328902875556984,4.9430353118985675,adjusted mean at covariate means; pointwise CI; 5th-95th tau percentiles
age_ge_65,cdrsb,2.1316950000000006,4.513471518772832,3.7030334423877993,5.323909595157865,4.278712868394369,3.564374643037415,4.9930510937513235,adjusted mean at covariate means; pointwise CI; 5th-95th tau percentiles
age_ge_65,cdrsb,2.1432,4.543393783149225,3.7280006215596573,5.3587869447387915,4.319462937061601,3.5958472686353393,5.043078605487863,adjusted mean at covariate means; pointwise CI; 5th-95th tau percentiles
age_ge_65,cdrsb,2.1547050000000003,4.572950215835744,3.75244394707512,5.393456484596367,4.360213005728834,3.6273086097962337,5.093117401661435,adjusted mean at covariate means; pointwise CI; 5th-95th tau percentiles
age_ge_65,cdrsb,2.1662100000000004,4.602143307596737,3.776344576845573,5.427942038347902,4.400963074396067,3.6587590901962037,5.143167058595931,adjusted mean at covariate means; pointwise CI; 5th-95th tau percentiles
age_ge_65,cdrsb,2.177715,4.630975549196548,3.7996837005764466,5.46226739781665,4.4417131430633,3.690199113023638,5.193227173102962,adjusted mean at covariate means; pointwise CI; 5th-95th tau percentiles
age_ge_65,cdrsb,2.1892200000000006,4.6594494313995245,3.8224426059114145,5.496456256887635,4.482463211730535,3.7216290621747756,5.243297361286295,adjusted mean at covariate means; pointwise CI; 5th-95th tau percentiles
age_ge_65,cdrsb,2.2007250000000003,4.687567444970011,3.844602746904193,5.5305321430358285,4.523213280397767,3.7530493033685266,5.293377257427008,adjusted mean at covariate means; pointwise CI; 5th-95th tau percentiles
age_ge_65,cdrsb,2.2122300000000004,4.715332080672352,3.866145814238876,5.564518347105829,4.563963349065,3.7844601851867274,5.343466512943273,adjusted mean at covariate means; pointwise CI; 5th-95th tau percentiles
age_ge_65,cdrsb,2.2237350000000005,4.7427458292708975,3.887053806543025,5.59843785199877,4.604713417732234,3.8158620400453733,5.393564795419095,adjusted mean at covariate means; pointwise CI; 5th-95th tau percentiles
age_ge_65,cdrsb,2.23524,4.769811181529991,3.9073091020713147,5.632313260988667,4.645463486399466,3.8472551851020187,5.443671787696913,adjusted mean at covariate means; pointwise CI; 5th-95th tau percentiles
age_ge_65,cdrsb,2.246745,4.79653062821398,3.9268945299841254,5.666166726443835,4.686213555066699,3.8786399231040556,5.493787187029342,adjusted mean at covariate means; pointwise CI; 5th-95th tau percentiles
age_ge_65,cdrsb,2.2582500000000003,4.822906660087211,3.9457934404077575,5.700019879766665,4.726963623733933,3.910016543182204,5.543910704285663,adjusted mean at covariate means; pointwise CI; 5th-95th tau percentiles
