model,term,beta,se,ci_low,ci_high
gaussian_original,Intercept,1.3650556907687712,0.25925354669029177,0.856928076391526,1.8731833051460165
gaussian_original,time_years,0.24770812865528838,0.13206235418663417,-0.011129329264087023,0.5065455865746638
gaussian_original,tau01,0.35338408348404715,0.05084199582890902,0.2537356027572498,0.4530325642108445
gaussian_original,age10,0.8937504272762311,0.23619537401047763,0.430816000900727,1.356684853651735
gaussian_original,sex_male,-0.013475745308472911,0.3009904710174186,-0.6034062281923603,0.5764547375754144
gaussian_original,education_c,-0.0966821849982825,0.062001815665094044,-0.21820351067795818,0.02483914068139316
gaussian_original,apoe4_carrier,0.16342349464563194,0.3052409029901757,-0.4348376818235969,0.7616846711148608
gaussian_original,time_years:tau01,0.12603940001271804,0.033230947198021187,0.0609079403324443,0.1911708596929918
gaussian_original,time_years:age10,0.030253545362994537,0.13359111926357523,-0.23158023704800793,0.292087327773997
gaussian_original,time_years:sex_male,0.12875847140920968,0.16210136808665482,-0.18895437188530426,0.4464713147037236
gaussian_original,time_years:education_c,0.038207818519086764,0.040245914913172094,-0.040672725235593996,0.11708836227376752
gaussian_original,time_years:apoe4_carrier,0.08070613062890018,0.16883515732998977,-0.25020469706203347,0.41161695831983386
gaussian_stage,Intercept,0.42373734729950874,0.17641660985243285,0.0779671457140863,0.7695075488849312
gaussian_stage,"C(diagnosis, Treatment(reference=""CN""))[T.Dementia]",4.4638966406368725,0.4376082461121099,3.606200238919397,5.321593042354348
gaussian_stage,"C(diagnosis, Treatment(reference=""CN""))[T.MCI]",1.3205240006666232,0.14506120922708174,1.0362092550277135,1.604838746305533
gaussian_stage,time_years,0.1557425160088642,0.09943857565100932,-0.03915351094107561,0.35063854295880403
gaussian_stage,"C(diagnosis, Treatment(reference=""CN""))[T.Dementia]:time_years",0.6183161937057817,0.28688644933110713,0.056029085364236675,1.1806033020473268
gaussian_stage,"C(diagnosis, Treatment(reference=""CN""))[T.MCI]:time_years",0.23011893849493087,0.13330048469590583,-0.031145210630777242,0.491383087620639
gaussian_stage,tau01,0.12361770682539394,0.038730030403786704,0.04770824211383072,0.19952717153695715
gaussian_stage,age10,0.45843686593366584,0.19569474236287807,0.07488221893858005,0.8419915129287516
gaussian_stage,sex_male,-0.30978126815316626,0.2235721442865854,-0.747974618901266,0.12841208259493353
gaussian_stage,education_c,-0.03906854030687977,0.05060745761527416,-0.1382573345819544,0.06012025396819487
gaussian_stage,apoe4_carrier,-0.2425862652940316,0.217752589729297,-0.6693734987037803,0.184200968115717
gaussian_stage,time_years:tau01,0.11513595296567242,0.02861420606867507,0.05905313962486183,0.171218766306483
gaussian_stage,time_years:age10,-0.002144724466310508,0.1356768981533483,-0.26806655838098215,0.2637771094483611
gaussian_stage,time_years:sex_male,0.04858861200057092,0.14831999370615706,-0.24211323385070443,0.33929045785184625
gaussian_stage,time_years:education_c,0.029891564831986725,0.035926186612629606,-0.04052246703063235,0.1003055966946058
gaussian_stage,time_years:apoe4_carrier,0.08838605860669317,0.1533316448744887,-0.21213844303759022,0.3889105602509766
fractional_logit_original,Intercept,-2.590400919077652,0.1604100569246313,-2.904798853407949,-2.276002984747355
fractional_logit_original,time_years,0.16058164912071024,0.07031641729275202,0.02276400370502682,0.2983992945363937
fractional_logit_original,tau01,0.16467765572012108,0.027263292491957396,0.11124258433590332,0.21811272710433882
fractional_logit_original,age10,0.5527298077621139,0.12281784828316913,0.3120112484683979,0.7934483670558299
fractional_logit_original,sex_male,0.052782820379518966,0.17014640718198462,-0.2806980097960581,0.38626365055509604
fractional_logit_original,education_c,-0.07542225282515015,0.03695220424171347,-0.14784724228827678,-0.002997263362023536
fractional_logit_original,apoe4_carrier,0.07790053924283856,0.1816162777137941,-0.27806082408242233,0.4338619025680995
fractional_logit_original,time_years:tau01,0.027740176615037467,0.013025254837017894,0.002211146245026264,0.05326920698504867
fractional_logit_original,time_years:age10,-0.041090933491638094,0.05643583176045795,-0.1517031311796974,0.06952126419642121
fractional_logit_original,time_years:sex_male,0.04973777673256036,0.07952885530049436,-0.10613591538810596,0.20561146885322668
fractional_logit_original,time_years:education_c,0.025727680281895718,0.019069591442051267,-0.011648032144418001,0.06310339270820944
fractional_logit_original,time_years:apoe4_carrier,0.016044270052579194,0.08553131748896711,-0.1515940317760572,0.1836825718812156
fractional_logit_stage,Intercept,-4.939978224484762,0.2549272590494062,-5.439626470899111,-4.440329978070413
fractional_logit_stage,"C(diagnosis, Treatment(reference=""CN""))[T.Dementia]",3.9060317441699635,0.27965321521355235,3.357921514190572,4.454141974149355
fractional_logit_stage,"C(diagnosis, Treatment(reference=""CN""))[T.MCI]",2.7239333205583285,0.2549381744247665,2.2242636804013958,3.223602960715261
fractional_logit_stage,time_years,0.5152415939061666,0.11761643810546961,0.28471761122956174,0.7457655765827715
fractional_logit_stage,"C(diagnosis, Treatment(reference=""CN""))[T.Dementia]:time_years",-0.36008139109735154,0.13983163544528063,-0.634146360469436,-0.08601642172526708
fractional_logit_stage,"C(diagnosis, Treatment(reference=""CN""))[T.MCI]:time_years",-0.3271168919930193,0.12609302100417094,-0.5742546718630469,-0.07997911212299169
fractional_logit_stage,tau01,0.06347461001326,0.019284503687150723,0.025677677326714707,0.1012715426998053
fractional_logit_stage,age10,0.3129712869388432,0.11270677700329748,0.09207006319879293,0.5338725106788934
fractional_logit_stage,sex_male,-0.17114898511779034,0.13121105224998791,-0.42831792190136986,0.08601995166578921
fractional_logit_stage,education_c,-0.026870473703327888,0.031273033722752856,-0.08816449348723006,0.03442354608057428
fractional_logit_stage,apoe4_carrier,-0.19440539455505776,0.13774079587839433,-0.46437239367859373,0.07556160456847824
fractional_logit_stage,time_years:tau01,0.02973893044543643,0.010257806373700613,0.009633999392597813,0.04984386149827505
fractional_logit_stage,time_years:age10,-0.031143229260138135,0.059834895514163634,-0.1484174694866161,0.08613101096633982
fractional_logit_stage,time_years:sex_male,0.04199883920839487,0.07836895633540061,-0.11160149271498243,0.19559917113177216
fractional_logit_stage,time_years:education_c,0.017061402788684503,0.017982704863621007,-0.018184051088625933,0.05230685666599494
fractional_logit_stage,time_years:apoe4_carrier,0.07374604699406948,0.08363763012675017,-0.09018069580664306,0.237672789794782
